Date,AAPL,AMD,AMZN,GOOGL,JPM,META,MSFT,NVDA,ORCL,TSLA
2020-11-27,113.49480438232422,87.19000244140625,159.76699829101562,88.73896026611328,106.46434783935547,276.1078796386719,206.52174377441406,13.220891952514648,53.875389099121094,195.25332641601562
2020-11-30,115.88949584960938,92.66000366210938,158.40199279785156,87.11913299560547,103.53091430664062,275.27301025390625,205.40870666503906,13.360715866088867,53.83808135986328,189.1999969482422
2020-12-01,119.46207427978516,92.62999725341797,161.00399780273438,89.1530990600586,105.16450500488281,284.7943115234375,207.46212768554688,13.349248886108398,54.789485931396484,194.9199981689453
2020-12-02,119.81251525878906,93.73999786376953,160.17649841308594,90.62345886230469,107.18453979492188,285.75836181640625,206.6560821533203,13.503278732299805,55.10661315917969,189.60667419433594
2020-12-03,119.67621612548828,92.30999755859375,159.3365020751953,90.46803283691406,106.48192596435547,280.1231384277344,205.5718231201172,13.359177589416504,55.28384017944336,197.7933349609375
2020-12-04,119.00454711914062,94.04000091552734,158.12899780273438,90.56339263916016,107.44801330566406,277.9862976074219,205.68695068359375,13.520980834960938,55.92742919921875,199.67999267578125
2020-12-07,120.46471405029297,94.06999969482422,157.89999389648438,90.22917938232422,107.04399108886719,283.83026123046875,205.6197509765625,13.569350242614746,55.7781867980957,213.9199981689453
2020-12-08,121.0780029296875,92.91999816894531,158.864501953125,89.94612884521484,107.14942169189453,281.66363525390625,207.27020263671875,13.313304901123047,55.05998229980469,216.6266632080078
2020-12-09,118.54703521728516,89.83000183105469,155.2100067138672,88.28409576416016,106.31504821777344,276.2171936035156,203.2305145263672,12.895206451416016,55.712894439697266,201.4933319091797
2020-12-10,119.96825408935547,91.66000366210938,155.07449340820312,87.77709197998047,105.62999725341797,275.4220886230469,202.00228881835938,12.93659496307373,55.47970962524414,209.02333068847656
2020-12-11,119.1603012084961,91.6500015258789,155.8209991455078,88.13214111328125,105.00640869140625,271.87396240234375,204.63148498535156,12.977479934692383,56.533714294433594,203.3300018310547
2020-12-14,118.54703521728516,94.77999877929688,157.84849548339844,87.01286315917969,103.8997802734375,272.5100402832031,205.533447265625,13.27216625213623,56.67362594604492,213.27667236328125
2020-12-15,124.48507690429688,97.12000274658203,158.25599670410156,87.45084381103516,105.67390441894531,273.8617248535156,205.46624755859375,13.323777198791504,57.699649810791016,211.0833282470703
2020-12-16,124.41692352294922,96.8499984741211,162.04800415039062,87.2576675415039,105.98129272460938,273.9809875488281,210.40789794921875,13.206099510192871,58.55777359008789,207.58999633789062
2020-12-17,125.28330993652344,96.83999633789062,161.8040008544922,86.42938232421875,105.10303497314453,272.79827880859375,210.54222106933594,13.30457878112793,59.33195877075195,218.63333129882812
2020-12-18,123.29749298095703,95.91999816894531,160.08250427246094,85.71977233886719,104.58485412597656,274.70648193359375,209.7458038330078,13.235518455505371,60.68442916870117,231.6666717529297
2020-12-21,124.82579040527344,93.2300033569336,160.3090057373047,86.13392639160156,108.5107421875,271.1186828613281,213.5839385986328,13.295600891113281,60.14344024658203,216.6199951171875
2020-12-22,128.37889099121094,93.16000366210938,160.3260040283203,85.42183685302734,106.85958862304688,265.45355224609375,214.8793182373047,13.241748809814453,60.76838684082031,213.44667053222656
2020-12-23,127.48335266113281,91.55000305175781,159.2635040283203,85.81959533691406,109.84569549560547,266.46728515625,212.07749938964844,12.973490715026855,60.908287048339844,215.32666015625
2020-12-24,128.4665069580078,91.80999755859375,158.63450622558594,86.11406707763672,109.36264038085938,265.76165771484375,213.73744201660156,12.95803165435791,60.59116744995117,220.58999633789062
2020-12-28,133.06121826171875,91.5999984741211,164.197998046875,88.0904312133789,110.08283996582031,275.3028259277344,215.85809326171875,12.864541053771973,60.50721740722656,221.22999572753906
2020-12-29,131.28956604003906,90.62000274658203,166.10000610351562,87.2859878540039,109.79301452636719,275.0841979980469,215.080810546875,12.907671928405762,60.12478256225586,221.99667358398438
2020-12-30,130.17002868652344,92.29000091552734,164.29249572753906,86.21784210205078,110.10041809082031,270.20428466796875,212.7107696533203,13.109613418579102,60.06882095336914,231.5933380126953
2020-12-31,129.16737365722656,91.70999908447266,162.84649658203125,87.03173828125,111.60224914550781,271.48638916015625,213.4208526611328,13.019115447998047,60.33932113647461,235.22332763671875
2021-01-04,125.97447204589844,92.30000305175781,159.3314971923828,85.71532440185547,110.54833984375,267.2922058105469,208.88223266601562,13.077452659606934,59.46253204345703,243.2566680908203
2021-01-05,127.53194427490234,92.7699966430664,160.92550659179688,86.40656280517578,111.14984893798828,269.3097839355469,209.08370971679688,13.367902755737305,58.72565841674805,245.0366668701172
2021-01-06,123.23905181884766,90.33000183105469,156.91900634765625,85.55391693115234,116.36900329589844,261.6967468261719,203.66232299804688,12.579825401306152,58.5852165222168,251.9933319091797
2021-01-07,127.44438934326172,95.16000366210938,158.10800170898438,88.10930633544922,120.1904525756836,267.0933837890625,209.45794677734375,13.307318687438965,59.053375244140625,272.0133361816406
2021-01-08,128.54437255859375,94.58000183105469,159.13499450683594,89.27576446533203,120.32315063476562,265.93060302734375,210.73414611816406,13.240253448486328,59.34363555908203,293.3399963378906
2021-01-11,125.55586242675781,97.25,155.7104949951172,87.21298217773438,122.11888885498047,255.26634216308594,208.69029235839844,13.584056854248047,59.01591491699219,270.39666748046875
2021-01-12,125.38066101074219,95.36000061035156,156.04150390625,86.27642822265625,124.0384750366211,249.5515899658203,206.23388671875,13.447683334350586,58.444766998291016,283.14666748046875
2021-01-13,127.4151840209961,91.77999877929688,158.29449462890625,86.76407623291016,124.15348052978516,250.0982208251953,207.58685302734375,13.494553565979004,58.107704162597656,284.8033447265625
2021-01-14,125.48771667480469,90.79000091552734,156.37350463867188,85.95317077636719,124.87882232666016,244.13494873046875,204.4011993408203,13.163963317871094,57.6769905090332,281.6666564941406
2021-01-15,123.76473236083984,88.20999908447266,155.21249389648438,85.78929901123047,122.64080047607422,249.8199462890625,204.046142578125,12.824152946472168,57.84553909301758,275.38665771484375
2021-01-19,124.4364013671875,89.44999694824219,156.03799438476562,88.61233520507812,122.11001586914062,259.5002746582031,207.6828155517578,12.989447593688965,57.38673400878906,281.51666259765625
2021-01-20,128.52490234375,88.75,163.16900634765625,93.35958862304688,120.27890014648438,265.8411865234375,215.2631378173828,13.329010009765625,57.63954544067383,283.48333740234375
2021-01-21,133.23643493652344,91.52999877929688,165.34950256347656,93.56219482421875,119.27047729492188,271.1981506347656,215.86766052246094,13.829380989074707,57.31182861328125,281.663330078125
2021-01-22,135.37802124023438,92.79000091552734,164.6114959716797,93.97981262207031,118.3504867553711,272.8181457519531,216.80799865722656,13.67480754852295,56.515960693359375,282.21331787109375
2021-01-25,139.12576293945312,94.12999725341797,164.6999969482422,94.06522369384766,116.87319946289062,276.306640625,220.24313354492188,13.615718841552734,57.021583557128906,293.6000061035156
2021-01-26,139.35943603515625,94.70999908447266,166.30650329589844,94.7440414428711,116.39555358886719,280.3218994140625,222.92990112304688,13.398320198059082,57.8642578125,294.36334228515625
2021-01-27,138.28860473632812,88.83999633789062,161.62899780273438,90.32402801513672,113.1048355102539,270.4726257324219,223.47679138183594,12.882242202758789,58.566497802734375,288.0533447265625
2021-01-28,133.45054626464844,87.5199966430664,161.88099670410156,92.02529907226562,115.09516906738281,263.3763732910156,229.26284790039062,13.01512622833252,57.321197509765625,278.4766540527344
2021-01-29,128.4567413330078,85.63999938964844,160.30999755859375,90.74214172363281,113.82134246826172,256.7472229003906,222.57485961914062,12.954045295715332,56.581504821777344,264.510009765625
2021-02-01,130.57888793945312,87.66000366210938,167.1439971923828,94.00514221191406,114.66170501708984,260.4046325683594,229.95367431640625,13.200615882873535,57.59272384643555,279.9366760253906
2021-02-02,131.4063262939453,88.86000061035156,169.0,95.29872131347656,118.19125366210938,265.4435729980469,229.8193817138672,13.519485473632812,58.39796447753906,290.92999267578125
2021-02-03,130.3842010498047,87.88999938964844,165.62649536132812,102.23884582519531,119.54470825195312,265.0162353515625,233.16815185546875,13.493307113647461,58.210693359375,284.89666748046875
2021-02-04,133.74261474609375,87.83999633789062,166.5500030517578,101.9781494140625,122.29581451416016,264.85723876953125,232.21826171875,13.626690864562988,59.31554412841797,283.3299865722656
2021-02-05,133.32830810546875,87.9000015258789,167.6074981689453,103.72608184814453,122.05696105957031,266.45733642578125,232.40049743652344,13.553638458251953,59.549617767333984,284.07666015625
2021-02-08,133.47451782226562,91.47000122070312,166.14700317382812,103.51207733154297,123.96770477294922,264.94671630859375,232.65956115722656,14.39906120300293,59.09082794189453,287.8066711425781
2021-02-09,132.5970916748047,90.91000366210938,165.25,103.0586929321289,123.47232055664062,267.7991027832031,233.90701293945312,14.224041938781738,59.61516571044922,283.1533203125
2021-02-10,131.99266052246094,92.3499984741211,164.32899475097656,103.60939025878906,123.5430908203125,270.20428466796875,232.9954833984375,14.723666191101074,59.24064254760742,268.2733459472656
2021-02-11,131.7391815185547,92.66000366210938,163.10650634765625,103.72211456298828,123.19811248779297,268.7333679199219,234.59788513183594,15.208827018737793,58.70693588256836,270.5533447265625
2021-02-12,131.97314453125,93.7699966430664,163.885498046875,104.0339584350586,124.9495620727539,268.8426513671875,235.07765197753906,14.920125961303711,59.062744140625,272.0400085449219
2021-02-16,129.8478546142578,91.45999908447266,163.44749450683594,104.81209564208984,127.95724487304688,272.2913818359375,233.83984375,15.288107872009277,58.18260955810547,265.40667724609375
2021-02-17,127.55683135986328,89.94000244140625,165.4320068359375,105.20539093017578,128.3553009033203,271.8938293457031,234.85926818847656,14.86502742767334,58.13578796386719,266.04998779296875
2021-02-18,126.4552001953125,88.63999938964844,166.4114990234375,104.56927490234375,128.78875732421875,267.73944091796875,234.46495056152344,14.788237571716309,58.117069244384766,262.4599914550781
2021-02-19,126.6111831665039,89.58000183105469,162.4949951171875,103.72509765625,130.93833923339844,259.9574279785156,231.7528839111328,14.88547134399414,57.23691940307617,260.4333190917969
2021-02-22,122.8382797241211,85.37000274658203,159.03700256347656,102.00943756103516,132.1679229736328,258.73492431640625,225.53993225097656,14.316287994384766,60.34548568725586,238.1666717529297
2021-02-23,122.7018051147461,84.73999786376953,159.72500610351562,102.30042266845703,133.2294464111328,264.2311096191406,224.34735107421875,14.103128433227539,60.392303466796875,232.94667053222656
2021-02-24,122.20457458496094,86.94000244140625,157.97650146484375,103.476806640625,135.5736083984375,262.69061279296875,225.5784149169922,14.459147453308105,60.579559326171875,247.33999633789062
2021-02-25,117.95398712158203,82.41999816894531,152.85800170898438,100.10706329345703,133.73365783691406,253.12954711914062,220.23106384277344,13.270920753479004,61.141357421875,227.4066619873047
2021-02-26,118.21722412109375,84.51000213623047,154.64649963378906,100.40301513671875,130.1864471435547,256.0415344238281,223.49139404296875,13.676802635192871,60.401668548583984,225.1666717529297
2021-03-01,124.58335876464844,86.38999938964844,157.3070068359375,102.77415466308594,133.13214111328125,263.2868957519531,227.8770294189453,13.803701400756836,61.9559440612793,239.47666931152344
2021-03-02,121.9803695678711,84.12999725341797,154.72650146484375,102.51693725585938,132.69869995117188,257.4131164550781,224.9243927001953,13.369397163391113,62.41475296020508,228.81333923339844
2021-03-03,118.99713897705078,80.86000061035156,150.25,99.8816146850586,135.26402282714844,253.84510803222656,218.8557586669922,12.769554138183594,62.648826599121094,217.73333740234375
2021-03-04,117.1155776977539,77.75,148.8784942626953,100.9999008178711,133.18519592285156,256.06146240234375,218.0574951171875,12.3362455368042,61.43162536621094,207.14666748046875
2021-03-05,118.3731918334961,78.5199966430664,150.0229949951172,104.13526153564453,133.49484252929688,262.6607360839844,222.74122619628906,12.427247047424316,65.51395416259766,199.31666564941406
2021-03-08,113.44017791748047,73.95999908447266,147.59750366210938,99.68744659423828,135.26402282714844,253.74571228027344,218.6922607421875,11.561380386352539,67.5644760131836,187.6666717529297
2021-03-09,118.0514907836914,78.52999877929688,153.1425018310547,101.31919860839844,134.30870056152344,264.11181640625,224.83787536621094,12.490145683288574,68.013916015625,224.52667236328125
2021-03-10,116.96934509277344,77.5199966430664,152.8820037841797,101.11212158203125,137.2278289794922,263.2769775390625,223.52987670898438,12.438270568847656,67.52703094482422,222.68666076660156
2021-03-11,118.89964294433594,81.2300033569336,155.67950439453125,104.30757904052734,136.51133728027344,272.20196533203125,228.05972290039062,12.962255477905273,63.11698532104492,233.1999969482422
2021-03-12,117.99297332763672,81.05000305175781,154.47450256347656,101.79789733886719,138.13014221191406,266.7554931640625,226.73252868652344,12.82508659362793,62.882904052734375,231.2433319091797
2021-03-15,120.87871551513672,82.5,154.08399963378906,102.01836395263672,137.4401092529297,272.07275390625,225.82846069335938,13.159530639648438,63.41659164428711,235.97999572753906
2021-03-16,122.4190673828125,82.75,154.59300231933594,103.48078918457031,135.79478454589844,277.56884765625,228.61758422851562,13.259291648864746,62.592655181884766,225.6266632080078
2021-03-17,121.62938690185547,82.62999725341797,156.7864990234375,103.3978500366211,137.19244384765625,282.2698669433594,227.97314453125,13.30916976928711,62.002777099609375,233.93666076660156
2021-03-18,117.50553131103516,78.12000274658203,151.39950561523438,100.37470245361328,139.45701599121094,276.91290283203125,221.8948516845703,12.691908836364746,62.48965835571289,217.72000122070312
2021-03-19,116.97908020019531,79.05999755859375,153.7480010986328,100.6537857055664,137.23666381835938,288.33251953125,221.53903198242188,12.814861297607422,62.040218353271484,218.2899932861328
2021-03-22,120.29377746582031,80.30000305175781,155.5435028076172,100.83899688720703,133.54791259765625,291.7414855957031,226.96334838867188,13.154541969299316,62.09639358520508,223.3333282470703
2021-03-23,119.4651107788086,78.37999725341797,156.875,101.36736297607422,132.21217346191406,288.84930419921875,228.49252319335938,13.039319038391113,62.98588562011719,220.72000122070312
2021-03-24,117.0765609741211,76.4800033569336,154.35350036621094,100.93038177490234,133.23829650878906,280.41131591796875,226.45362854003906,12.612600326538086,62.57392501831055,210.08999633789062
2021-03-25,117.56403350830078,76.22000122070312,152.31300354003906,100.92689514160156,134.94557189941406,277.03216552734375,223.452880859375,12.505108833312988,64.25927734375,213.4633331298828
2021-03-26,118.16848754882812,77.41000366210938,152.60150146484375,100.54303741455078,137.19244384765625,281.2859191894531,227.43453979492188,12.808378219604492,65.77613067626953,206.23666381835938
2021-03-29,118.34395599365234,77.13999938964844,153.7864990234375,101.58882904052734,135.06056213378906,289.0381774902344,226.24200439453125,12.917115211486816,66.60008239746094,203.76333618164062
2021-03-30,116.89134216308594,76.0,152.76449584960938,101.62259674072266,136.65284729003906,286.23541259765625,222.98165893554688,12.840798377990723,66.0570297241211,211.8733367919922
2021-03-31,119.08489227294922,78.5,154.70399475097656,102.41960906982422,134.6624755859375,292.7254638671875,226.751708984375,13.316153526306152,65.70121765136719,222.64332580566406
2021-04-01,119.91353607177734,81.08999633789062,158.0500030517578,105.75956726074219,135.97169494628906,296.83013916015625,233.08004760742188,13.778538703918457,67.23676300048828,220.5833282470703
2021-04-05,122.74078369140625,81.43000030517578,161.3365020751953,110.1880111694336,136.6924285888672,307.0173034667969,239.5430145263672,13.953866004943848,69.43711853027344,230.35000610351562
2021-04-06,123.04299926757812,81.44000244140625,161.1909942626953,109.70633697509766,135.7314453125,304.383544921875,238.37928771972656,13.828168869018555,69.54946899414062,230.5399932861328
2021-04-07,124.69060516357422,82.19999694824219,163.96949768066406,111.18465423583984,137.85806274414062,311.1717224121094,240.3412322998047,14.109489440917969,69.65291595458984,223.6566619873047
2021-04-08,127.0888671875,83.3499984741211,164.96499633789062,111.7507553100586,138.0271759033203,311.10211181640625,243.5631103515625,14.282573699951172,70.79074096679688,227.93333435058594
2021-04-09,129.66262817382812,82.76000213623047,168.61000061035156,112.75580596923828,139.05934143066406,310.5455627441406,246.06369018554688,14.365372657775879,71.07286834716797,225.67333984375
2021-04-12,127.94677734375,78.58000183105469,168.96949768066406,111.46223449707031,138.7657012939453,309.6311950683594,246.1213836669922,15.172429084777832,71.58067321777344,233.9933319091797
2021-04-13,131.05674743652344,80.19000244140625,170.0,111.94937896728516,137.1106414794922,307.8621520996094,248.60269165039062,15.641796112060547,72.09785461425781,254.10667419433594
2021-04-14,128.7169952392578,78.55000305175781,166.64999389648438,111.3276596069336,134.5480499267578,300.9646301269531,245.8135986328125,15.240264892578125,72.23890686035156,244.07666015625
2021-04-15,131.12498474121094,83.01000213623047,168.95449829101562,113.47981262207031,135.40223693847656,305.9339904785156,249.57411193847656,16.098445892333984,73.62126159667969,246.28334045410156
2021-04-16,130.79354858398438,82.1500015258789,169.9720001220703,113.35567474365234,136.40769958496094,304.3040466308594,250.7666473388672,15.874236106872559,74.24187469482422,246.5933380126953
2021-04-19,131.45645141601562,81.11000061035156,168.60049438476562,113.70377349853516,135.8292999267578,300.38818359375,248.8430633544922,15.324811935424805,74.05382537841797,238.2100067138672
2021-04-20,129.7698516845703,79.2699966430664,166.7344970703125,113.16996002197266,132.82180786132812,300.795654296875,248.38150024414062,15.134771347045898,74.51461029052734,239.663330078125
2021-04-21,130.15008544921875,81.61000061035156,168.1009979248047,113.13719177246094,133.9518280029297,299.6229248046875,250.61276245117188,15.323565483093262,72.08847045898438,248.0399932861328
2021-04-22,128.62925720214844,79.05999755859375,165.45199584960938,111.85453033447266,131.13111877441406,294.7032775878906,247.3332061767578,14.81454086303711,70.40522003173828,239.89666748046875
2021-04-23,130.94949340820312,82.76000213623047,167.04400634765625,114.20879364013672,133.64039611816406,299.28497314453125,251.16091918945312,15.228544235229492,70.49922943115234,243.13333129882812
2021-04-26,131.3394775390625,85.41000366210938,170.4499969482422,114.70536041259766,133.96961975097656,301.18328857421875,251.54566955566406,15.440781593322754,70.0572509765625,246.06666564941406
2021-04-27,131.0177459716797,85.20999908447266,170.8715057373047,113.76435852050781,134.58358764648438,301.71002197265625,251.94961547851562,15.34476375579834,70.73432922363281,234.913330078125
2021-04-28,130.2280731201172,84.0199966430664,172.9250030517578,117.14405059814453,135.45559692382812,305.21844482421875,244.822998046875,15.24001407623291,70.3111572265625,231.46665954589844
2021-04-29,130.13058471679688,83.91000366210938,173.5655059814453,118.8185043334961,138.08944702148438,327.4910888671875,242.85137939453125,15.28790283203125,71.34556579589844,225.6666717529297
2021-04-30,128.16128540039062,81.62000274658203,173.37100219726562,116.86894226074219,136.86151123046875,323.08819580078125,242.53404235839844,14.973406791687012,71.27034759521484,236.47999572753906
2021-05-03,129.21414184570312,78.55000305175781,169.32449340820312,116.35150909423828,136.4611053466797,320.60357666015625,242.22630310058594,14.801074028015137,72.71851348876953,228.3000030517578
2021-05-04,124.64185333251953,78.61000061035156,165.593505859375,114.55142974853516,138.34751892089844,316.4093933105469,238.31199645996094,14.316740989685059,73.8469467163086,224.53334045410156
2021-05-05,124.8855972290039,77.83000183105469,163.52699279785156,114.94571685791016,140.16268920898438,313.08990478515625,237.04246520996094,14.423731803894043,74.46759033203125,223.64666748046875
2021-05-06,126.48443603515625,77.88999938964844,165.31849670410156,116.06697845458984,142.98341369628906,318.05926513671875,240.1777801513672,14.488078117370605,74.98479461669922,221.17999267578125
2021-05-07,127.15827941894531,78.80999755859375,164.58050537109375,116.79098510742188,143.47280883789062,317.125,242.80332946777344,14.776634216308594,75.60542297363281,224.1233367919922
2021-05-10,123.87701416015625,75.98999786376953,159.52450561523438,113.8025894165039,143.45497131347656,304.0953369140625,237.72531127929688,14.231446266174316,75.37034606933594,209.67999267578125
2021-05-11,122.95905303955078,76.83000183105469,161.19549560546875,112.72551727294922,141.0702667236328,304.65191650390625,236.81163024902344,14.2718505859375,73.0570297241211,205.73333740234375
2021-05-12,119.89263153076172,74.63999938964844,157.5970001220703,109.25891876220703,140.10043334960938,300.6963195800781,229.85818481445312,13.725418090820312,72.173095703125,196.6300048828125
2021-05-13,122.04106140136719,73.08999633789062,158.07350158691406,110.68856811523438,143.70411682128906,303.3896789550781,233.73402404785156,13.632391929626465,73.48020935058594,190.56333923339844
2021-05-14,124.46292114257812,74.58999633789062,161.14500427246094,113.138671875,145.9375762939453,314.0042419433594,238.65818786621094,14.208751678466797,74.18546295166016,196.5800018310547
2021-05-17,123.31060028076172,74.6500015258789,163.51950073242188,113.66205596923828,146.5248260498047,313.5271911621094,235.80177307128906,14.131438255310059,74.36415100097656,192.27667236328125
2021-05-18,121.92388153076172,74.44000244140625,161.61399841308594,112.34862518310547,144.4604949951172,308.0609130859375,233.7821502685547,13.982047080993652,73.99739837646484,192.6233367919922
2021-05-19,121.76763916015625,76.2300033569336,161.58999633789062,112.79702758789062,143.3571319580078,311.6686706542969,234.3605194091797,14.031929016113281,74.04439544677734,187.82000732421875
2021-05-20,124.32623291015625,78.05999755859375,162.38400268554688,114.55738830566406,143.10797119140625,316.65789794921875,237.5994415283203,14.577362060546875,74.02560424804688,195.5933380126953
2021-05-21,122.49028778076172,77.16999816894531,160.1540069580078,113.92076110839844,144.736328125,314.29248046875,236.3366241455078,14.955700874328613,74.31712341308594,193.6266632080078
2021-05-24,124.12113189697266,77.44000244140625,162.24949645996094,117.24335479736328,145.51931762695312,322.6410217285156,241.74453735351562,15.57446002960205,74.64625549316406,202.14666748046875
2021-05-25,123.92581176757812,77.86000061035156,162.95249938964844,117.33423614501953,144.01559448242188,325.7816467285156,242.65065002441406,15.610124588012695,74.1290512084961,201.56333923339844
2021-05-26,123.87701416015625,78.33999633789062,163.25799560546875,118.20026397705078,143.99778747558594,325.6524353027344,242.428955078125,15.662249565124512,74.53340148925781,206.3766632080078
2021-05-27,122.34379577636719,78.41999816894531,161.5054931640625,117.32479858398438,146.2401123046875,330.7112731933594,240.3275146484375,15.450758934020996,74.27011108398438,210.28334045410156
2021-05-28,121.68949127197266,80.08000183105469,161.15350341796875,117.03530883789062,146.1422119140625,326.7159118652344,240.68418884277344,16.205432891845703,74.04439544677734,208.4066619873047
2021-06-01,121.36723327636719,80.80999755859375,160.9324951171875,118.24346160888672,147.7527313232422,327.11346435546875,238.48629760742188,16.22539520263672,74.82491302490234,207.96665954589844
2021-06-02,122.12895965576172,81.97000122070312,161.69949340820312,117.71759033203125,147.7616729736328,327.1332702636719,238.389892578125,16.737905502319336,75.48314666748047,201.7066650390625
2021-06-03,120.64457702636719,80.27999877929688,159.35049438476562,116.57496643066406,147.8595428466797,324.0423583984375,236.85720825195312,16.928943634033203,76.2542724609375,190.94667053222656
2021-06-04,122.93949890136719,81.58000183105469,160.31100463867188,118.85871887207031,148.0998077392578,328.3259582519531,241.75413513183594,17.535982131958008,77.94693756103516,199.68333435058594
2021-06-07,122.94925689697266,81.3499984741211,159.90049743652344,119.29222869873047,147.40574645996094,334.51776123046875,244.66534423828125,17.576629638671875,78.93431854248047,201.7100067138672
2021-06-08,123.76957702636719,80.88999938964844,163.20550537109375,119.10054016113281,146.8184814453125,331.6355285644531,243.47006225585938,17.415021896362305,79.56436157226562,201.19667053222656
2021-06-09,124.15045166015625,79.95999908447266,164.0574951171875,119.57229614257812,144.9854736328125,328.2265319824219,244.45327758789062,17.32048225402832,79.47972869873047,199.5933380126953
2021-06-10,123.15433502197266,81.55999755859375,167.4824981689453,120.9224853515625,142.72535705566406,330.4229736328125,247.97174072265625,17.387086868286133,77.39212799072266,203.3733367919922
2021-06-11,124.36528778076172,81.30999755859375,167.3415069580078,120.67768859863281,142.62747192382812,329.23040771484375,248.59841918945312,17.786460876464844,77.95633697509766,203.29666137695312
2021-06-14,127.42190551757812,81.55000305175781,169.19349670410156,121.60676574707031,140.2071990966797,334.7065734863281,250.5262908935547,17.979541778564453,77.69303131103516,205.89666748046875
2021-06-15,126.60163879394531,80.47000122070312,169.156494140625,120.5877914428711,138.08053588867188,334.6867980957031,249.05140686035156,17.749788284301758,76.77147674560547,199.7866668701172
2021-06-16,127.09963989257812,80.11000061035156,170.7624969482422,119.94522857666016,139.0504150390625,329.0514831542969,248.1067352294922,17.771493911743164,72.48341369628906,201.6233367919922
2021-06-17,128.70123291015625,84.55999755859375,174.46200561523438,120.90957641601562,135.03738403320312,334.4482421875,251.4999237060547,18.61665153503418,72.93478393554688,205.53334045410156
2021-06-18,127.40240478515625,84.6500015258789,174.34500122070312,119.28826141357422,131.62051391601562,327.64019775390625,250.08287048339844,18.59819221496582,71.68408966064453,207.77000427246094
2021-06-21,129.19927978515625,82.58999633789062,172.697998046875,120.97810363769531,133.8539276123047,330.2541198730469,253.1675567626953,18.38715362548828,73.3391342163086,206.94332885742188
2021-06-22,130.83990478515625,83.58000183105469,175.27200317382812,121.4925537109375,133.65818786621094,336.9527587890625,255.94383239746094,18.845651626586914,73.98798370361328,207.90333557128906
2021-06-23,130.56646728515625,83.81999969482422,175.1909942626953,121.29044342041016,134.46792602539062,338.50323486328125,255.71253967285156,19.015783309936523,73.44257354736328,218.85667419433594
2021-06-24,130.2832489013672,86.0999984741211,172.45399475097656,121.660888671875,135.70477294921875,341.0773620605469,257.0812683105469,19.163711547851562,73.10404968261719,226.60667419433594
2021-06-25,129.99029541015625,85.62000274658203,170.072998046875,121.66934204101562,137.0750732421875,339.2784118652344,255.47137451171875,18.989591598510742,73.78111267089844,223.9566650390625
2021-06-28,131.6211700439453,87.08000183105469,172.1945037841797,121.6966552734375,137.32420349121094,353.4610290527344,259.0381774902344,19.94151496887207,73.81871795654297,229.57333374023438
2021-06-29,133.13482666015625,89.5199966430664,172.40699768066406,121.43494415283203,137.15513610839844,349.7340087890625,261.6216125488281,19.98317527770996,73.44257354736328,226.9199981689453
2021-06-30,133.7500457763672,93.93000030517578,172.00799560546875,121.25320434570312,138.40084838867188,345.57958984375,261.1396179199219,19.958980560302734,73.1980972290039,226.56666564941406
2021-07-01,134.0527801513672,93.30999755859375,171.64849853515625,121.60578155517578,139.7711944580078,352.21868896484375,261.81439208984375,20.168018341064453,74.79671478271484,225.97332763671875
2021-07-02,136.67974853515625,94.69999694824219,175.5489959716797,124.39950561523438,139.63694763183594,352.5268249511719,267.64642333984375,20.442420959472656,76.94075012207031,226.3000030517578
2021-07-06,138.69146728515625,94.47000122070312,183.78700256347656,125.32563018798828,137.292236328125,350.6185302734375,267.65606689453125,20.653461456298828,78.12560272216797,219.86000061035156
2021-07-07,141.1817169189453,90.54000091552734,184.82899475097656,125.60767364501953,137.4533233642578,348.3425598144531,269.8442687988281,20.327423095703125,80.95609283447266,214.88333129882812
2021-07-08,139.88290405273438,89.73999786376953,186.57049560546875,124.18746948242188,135.08172607421875,343.5322265625,267.42474365234375,19.859445571899414,80.48590850830078,217.60333251953125
2021-07-09,141.70904541015625,90.9000015258789,185.9669952392578,124.65872192382812,139.40426635742188,348.2730407714844,267.926025390625,20.00661849975586,82.52652740478516,218.98333740234375
2021-07-12,141.11334228515625,90.80999755859375,185.92750549316406,126.10572814941406,141.39996337890625,350.9962463378906,267.328369140625,20.467870712280273,81.88706970214844,228.56666564941406
2021-07-13,142.2266082763672,90.26000213623047,183.8679962158203,126.46923065185547,139.29685974121094,349.9327392578125,270.8565673828125,20.20594024658203,81.87767028808594,222.84666442871094
2021-07-14,145.65431213378906,89.05000305175781,184.08399963378906,127.35859680175781,138.8225555419922,345.5000915527344,272.331298828125,19.798322677612305,83.32173919677734,217.7933349609375
2021-07-15,145.00009155273438,86.93000030517578,181.55999755859375,126.13504028320312,139.12681579589844,342.3494873046875,270.9046325683594,18.924978256225586,81.39630889892578,216.86666870117188
2021-07-16,142.9590606689453,85.88999938964844,178.68150329589844,126.10027313232422,135.94984436035156,339.0697326660156,270.634765625,18.121482849121094,82.57610321044922,214.74000549316406
2021-07-19,139.1113739013672,86.58000183105469,177.47950744628906,123.72467041015625,131.52882385253906,334.885498046875,267.02947998046875,18.73888397216797,82.09475708007812,215.4066619873047
2021-07-20,142.7246551513672,87.11000061035156,178.6595001220703,125.3449935913086,133.98094177246094,339.566650390625,269.2562255859375,18.571500778198242,83.68038940429688,220.1666717529297
2021-07-21,141.99220275878906,89.41000366210938,179.25999450683594,126.6753158569336,136.8000030517578,344.10870361328125,271.26129150390625,19.36776351928711,84.65254211425781,218.42999267578125
2021-07-22,143.35943603515625,91.20999908447266,181.90150451660156,127.54180908203125,135.07276916503906,349.03826904296875,275.83056640625,19.551362991333008,85.59638214111328,216.4199981689453
2021-07-23,145.0781707763672,92.1500015258789,182.83200073242188,132.10386657714844,134.81324768066406,367.52435302734375,279.23333740234375,19.515443801879883,82.76486206054688,214.4600067138672
2021-07-26,145.49810791015625,91.81999969482422,184.99099731445312,133.11688232421875,135.7171173095703,370.17791748046875,278.6356201171875,19.252017974853516,82.92532348632812,219.2066650390625
2021-07-27,143.33013916015625,91.02999877929688,181.3195037841797,130.99649047851562,135.5381317138672,365.55645751953125,276.2161560058594,19.16620635986328,82.86869812011719,214.92666625976562
2021-07-28,141.58209228515625,97.93000030517578,181.51600646972656,135.1617889404297,135.7618865966797,370.9929504394531,275.9076232910156,19.46056365966797,82.28352355957031,215.66000366210938
2021-07-29,142.2266082763672,102.94999694824219,179.99600219726562,134.84744262695312,136.92529296875,356.1246337890625,276.1775207519531,19.61921501159668,82.7082290649414,225.78334045410156
2021-07-30,142.44143676757812,106.19000244140625,166.37950134277344,133.80364990234375,135.83348083496094,354.11700439453125,274.6448059082031,19.456571578979492,82.24575805664062,229.06666564941406
2021-08-02,142.1094512939453,108.62999725341797,166.57400512695312,133.93077087402344,135.2875518798828,349.7936096191406,274.5580139160156,19.707029342651367,82.67992401123047,236.55667114257812
2021-08-03,143.9062957763672,112.55999755859375,168.31199645996094,134.70094299316406,136.82684326171875,349.0879211425781,276.7751770019531,19.771888732910156,84.69971466064453,236.5800018310547
2021-08-04,143.5059356689453,118.7699966430664,167.73599243164062,134.19992065429688,135.35020446777344,356.7209167480469,276.1872253417969,20.229887008666992,84.9923324584961,236.97332763671875
2021-08-05,143.6133270263672,112.3499984741211,168.79949951171875,135.3181915283203,137.0595245361328,360.7461242675781,279.08868408203125,20.59209442138672,84.40714263916016,238.2100067138672
2021-08-06,142.92872619628906,110.11000061035156,167.2469940185547,134.8087158203125,140.95249938964844,361.2828063964844,279.0308837890625,20.32168197631836,84.4920883178711,233.03334045410156
2021-08-09,142.8798370361328,107.58000183105469,167.093505859375,135.9751434326172,140.8003692626953,359.3944091796875,277.94158935546875,20.25084114074707,84.85075378417969,237.9199981689453
2021-08-10,142.40057373046875,106.4800033569336,166.03399658203125,135.869873046875,142.52760314941406,358.9173889160156,276.1197509765625,19.892620086669922,84.60535430908203,236.663330078125
2021-08-11,142.6548614501953,107.68000030517578,164.60549926757812,135.34552001953125,144.2279815673828,357.7545471191406,276.6113586425781,19.656139373779297,84.59590911865234,235.94000244140625
2021-08-12,145.61830139160156,106.5,165.1750030517578,136.25424194335938,144.79176330566406,360.42803955078125,279.3682861328125,19.861690521240234,84.76579284667969,240.75
2021-08-13,145.82369995117188,110.55000305175781,164.69850158691406,136.78408813476562,143.17193603515625,360.954833984375,282.2987365722656,20.144075393676758,85.30379486083984,239.05667114257812
2021-08-16,147.7992706298828,107.4800033569336,164.94949340820312,137.3621063232422,142.23226928710938,364.3141174316406,283.98565673828125,19.906593322753906,85.71907806396484,228.72332763671875
2021-08-17,146.88975524902344,107.55999755859375,162.09800720214844,135.7253875732422,140.51400756835938,356.25384521484375,282.52044677734375,19.415658950805664,85.84178161621094,221.90333557128906
2021-08-18,143.1439208984375,103.44000244140625,160.06100463867188,134.52120971679688,139.23423767089844,353.2721862792969,280.7917175292969,18.99856948852539,83.94467163085938,229.663330078125
2021-08-19,143.47642517089844,103.69999694824219,159.3874969482422,134.7506103515625,138.07081604003906,352.9441833496094,286.62518310546875,19.754920959472656,83.72757720947266,224.49000549316406
2021-08-20,144.9336700439453,104.6500015258789,159.99749755859375,136.48814392089844,138.46458435058594,357.168212890625,293.95574951171875,20.77070426940918,83.94467163085938,226.75332641601562
2021-08-23,146.4203338623047,108.7699966430664,163.2935028076172,139.0822296142578,140.236572265625,361.1238098144531,294.23583984375,21.91022300720215,84.11455535888672,235.43333435058594
2021-08-24,146.332275390625,107.6500015258789,165.28900146484375,140.2938995361328,141.1046142578125,363.2705383300781,292.2752990722656,21.74557876586914,83.5765609741211,236.163330078125
2021-08-25,145.09996032714844,108.30000305175781,164.95899963378906,141.10577392578125,144.01318359375,366.1329040527344,291.68609619140625,22.164663314819336,83.64264678955078,237.06666564941406
2021-08-26,144.29794311523438,107.2699966430664,165.8000030517578,140.47164916992188,144.7559814453125,362.1474914550781,288.86590576171875,22.019983291625977,83.73701477050781,233.72000122070312
2021-08-27,145.33470153808594,111.4000015258789,167.48150634765625,143.017578125,145.9193878173828,370.3468933105469,289.4743957519531,22.586746215820312,84.3316421508789,237.30667114257812
2021-08-30,149.7553253173828,111.31999969482422,171.07850646972656,143.60006713867188,143.5836181640625,378.3277282714844,293.2120666503906,22.63863182067871,84.42601013183594,243.6366729736328
2021-08-31,148.49366760253906,110.72000122070312,173.5395050048828,143.70632934570312,143.14511108398438,377.0555419921875,291.56060791015625,22.34023094177246,84.12397003173828,245.24000549316406
2021-09-01,149.1587677001953,109.98999786376953,173.9499969482422,144.22079467773438,142.93927001953125,379.709228515625,291.51220703125,22.396120071411133,84.89795684814453,244.69667053222656
2021-09-02,150.27371215820312,109.19999694824219,173.156005859375,142.30551147460938,143.60150146484375,372.9806823730469,290.85546875,22.351207733154297,84.7563705444336,244.1300048828125
2021-09-03,150.90945434570312,109.91999816894531,173.90249633789062,142.75491333007812,142.73342895507812,373.9547119140625,290.8457336425781,22.797311782836914,84.94512939453125,244.52333068847656
2021-09-07,153.24691772460938,109.1500015258789,175.46449279785156,143.29220581054688,142.4828643798828,379.83837890625,289.91864013671875,22.61667823791504,83.73701477050781,250.97332763671875
2021-09-08,151.70166015625,106.16999816894531,176.27499389648438,142.7067413330078,141.8474578857422,375.2566223144531,289.9476013183594,22.294321060180664,84.44489288330078,251.2899932861328
2021-09-09,150.68447875976562,106.1500015258789,174.20799255371094,142.55776977539062,142.46495056152344,375.6839904785156,287.0887451171875,22.13265037536621,84.5109634399414,251.6199951171875
2021-09-10,145.696533203125,105.19999694824219,173.45750427246094,139.9110107421875,140.8272247314453,376.3697814941406,285.6014709472656,22.433046340942383,84.64310455322266,245.42333984375
2021-09-13,146.2637939453125,104.80000305175781,172.85850524902344,141.35752868652344,143.06451416015625,374.20318603515625,286.8376770019531,22.107698440551758,83.8974609375,247.6666717529297
2021-09-14,144.8651885986328,105.7300033569336,172.5,141.56809997558594,140.5676727294922,374.2229919433594,289.5419616699219,22.19751739501953,81.53788757324219,248.163330078125
2021-09-15,145.75523376464844,105.5999984741211,173.7895050048828,143.44017028808594,141.5431671142578,371.6290588378906,294.39996337890625,22.29631996154785,82.8026123046875,251.94332885742188
2021-09-16,145.52049255371094,106.22000122070312,174.41200256347656,142.6262969970703,141.48052978515625,370.7742919921875,294.78631591796875,22.19751739501953,82.34957885742188,252.3300018310547
2021-09-17,142.8504638671875,103.87999725341797,173.12600708007812,139.8355255126953,141.1136016845703,362.4853820800781,289.6192321777344,21.856203079223633,81.53788757324219,253.163330078125
2021-09-20,139.79905700683594,101.55000305175781,167.7864990234375,137.769287109375,136.8895263671875,353.52069091796875,284.2396545410156,21.070775985717773,81.33023071289062,243.38999938964844
2021-09-21,140.27825927734375,102.81999969482422,167.18150329589844,138.0806427001953,136.9074249267578,355.28973388671875,284.7225646972656,21.203508377075195,82.03812408447266,246.4600067138672
2021-09-22,142.64511108398438,104.37999725341797,169.00250244140625,139.32257080078125,139.52951049804688,341.1071472167969,288.3732604980469,21.897113800048828,83.4727554321289,250.64666748046875
2021-09-23,143.6035614013672,106.1500015258789,170.8000030517578,140.24871826171875,144.245849609375,343.84033203125,289.31982421875,22.43703842163086,84.39769744873047,251.2133331298828
2021-09-24,143.69158935546875,105.80000305175781,171.2760009765625,141.24082946777344,145.91043090820312,350.79742431640625,289.1170349121094,22.036834716796875,84.88849639892578,258.1300048828125
2021-09-27,142.17562866210938,108.16000366210938,170.2899932861328,140.10568237304688,149.43649291992188,351.41363525390625,284.1140441894531,21.616680145263672,85.92671966552734,263.78668212890625
2021-09-28,138.7916717529297,101.5199966430664,165.79800415039062,134.89959716796875,148.63108825683594,338.5628356933594,273.8280944824219,20.657602310180664,85.40760040283203,259.1866760253906
2021-09-29,139.6914825439453,100.3499984741211,165.05599975585938,133.43319702148438,148.51470947265625,337.52923583984375,274.2918395996094,20.475967407226562,86.12493896484375,260.4366760253906
2021-09-30,138.3906707763672,102.9000015258789,164.2519989013672,132.76034545898438,146.4921417236328,337.31060791015625,272.28289794921875,20.67456817626953,82.23631286621094,258.49334716796875
2021-10-01,139.51541137695312,102.44999694824219,164.16299438476562,135.60769653320312,149.57077026367188,340.9084167480469,279.21734619140625,20.700519561767578,84.69971466064453,258.40667724609375
2021-10-04,136.08251953125,100.33999633789062,159.48899841308594,132.7439422607422,149.4096221923828,324.23126220703125,273.43218994140625,19.69253921508789,84.24669647216797,260.510009765625
2021-10-05,138.00924682617188,101.80999755859375,161.0500030517578,135.09124755859375,151.8495635986328,330.9199523925781,278.8890380859375,20.41009521484375,86.3514404296875,260.1966552734375
2021-10-06,138.87966918945312,103.63999938964844,163.10049438476562,136.62269592285156,152.1736602783203,331.5958251953125,283.09027099609375,20.658601760864258,86.2098617553711,260.9166564941406
2021-10-07,140.141357421875,106.44999694824219,165.1215057373047,138.27134704589844,153.13699340820312,327.20294189453125,284.7708435058594,21.032852172851562,87.12537384033203,264.53668212890625
2021-10-08,139.75990295410156,105.05999755859375,164.43099975585938,138.82798767089844,153.25405883789062,328.02783203125,284.7708435058594,20.789339065551758,89.39848327636719,261.8299865722656
2021-10-11,139.67190551757812,104.68000030517578,162.31500244140625,137.9624481201172,150.03086853027344,323.45599365234375,284.1719970703125,20.653608322143555,90.2508773803711,263.9800109863281
2021-10-12,138.4004669189453,105.04000091552734,162.3665008544922,135.51434326171875,148.8784637451172,321.7862854003906,282.8681640625,20.629655838012695,90.51606750488281,268.5733337402344
2021-10-13,137.8136444091797,109.16000366210938,164.21400451660156,136.6395721435547,144.9530029296875,322.55157470703125,286.18096923828125,20.897119522094727,91.30220031738281,270.3599853515625
2021-10-14,140.6010284423828,111.98999786376953,164.9929962158203,140.18414306640625,147.17684936523438,326.5171203613281,292.4007568359375,21.7025089263916,90.24140930175781,272.7733459472656
2021-10-15,141.6573028564453,112.12000274658203,170.4510040283203,140.399658203125,150.0038604736328,322.7702331542969,293.81085205078125,21.818275451660156,90.28875732421875,281.010009765625
2021-10-18,143.32969665527344,116.43000030517578,172.33700561523438,141.79998779296875,149.94985961914062,333.285400390625,296.7856140136719,22.17755889892578,91.40636444091797,290.03668212890625
2021-10-19,145.4911651611328,116.33000183105469,172.20750427246094,142.25584411621094,151.76853942871094,337.90692138671875,297.6935119628906,22.24542236328125,91.92727661132812,288.0899963378906
2021-10-20,145.98013305664062,116.38999938964844,170.7530059814453,140.79791259765625,153.812255859375,338.6921081542969,296.9015197753906,22.05879020690918,91.52948760986328,288.6000061035156
2021-10-21,146.19534301757812,119.33000183105469,171.75050354003906,140.9141082763672,152.6058349609375,339.78533935546875,300.13702392578125,22.646617889404297,91.20748138427734,298.0
2021-10-22,145.42269897460938,119.81999969482422,166.77749633789062,136.6241912841797,154.65859985351562,322.62115478515625,298.5916442871094,22.6805477142334,93.05435180664062,303.2266540527344
2021-10-25,145.37379455566406,122.36000061035156,166.01849365234375,136.50552368164062,153.90231323242188,326.6761169433594,297.5968933105469,23.11966896057129,92.71339416503906,341.6199951171875
2021-10-26,146.0388641357422,122.93000030517578,168.80349731445312,138.354248046875,154.31646728515625,313.87506103515625,299.5092468261719,24.667564392089844,91.85151672363281,339.4766540527344
2021-10-27,145.57919311523438,122.27999877929688,169.62449645996094,145.2159423828125,151.1022491455078,310.3070373535156,312.122802734375,24.402097702026367,90.9517593383789,345.9533386230469
2021-10-28,149.2174072265625,121.16000366210938,172.32850646972656,144.84994506835938,153.38011169433594,314.9782409667969,313.2624206542969,24.8911190032959,91.14118194580078,359.0133361816406
2021-10-29,146.50828552246094,120.2300033569336,168.6215057373047,147.03192138671875,152.95693969726562,321.5874938964844,320.28387451171875,25.515865325927734,90.86650085449219,371.3333435058594
2021-11-01,145.68673706054688,125.2300033569336,165.90550231933594,142.51406860351562,152.8759307861328,327.9582824707031,318.1107177734375,25.775344848632812,89.38900756835938,402.86334228515625
2021-11-02,146.72344970703125,127.62999725341797,165.6374969482422,144.43629455566406,153.47914123535156,326.06982421875,321.74224853515625,26.34819793701172,90.80020904541016,390.6666564941406
2021-11-03,148.1611785888672,130.52999877929688,169.1999969482422,145.59384155273438,153.5331268310547,329.58819580078125,322.5825500488281,26.544801712036133,91.0654067993164,404.6199951171875
2021-11-04,147.642822265625,137.5,173.85000610351562,147.25189208984375,151.5164031982422,333.7922668457031,324.93914794921875,29.74140167236328,90.57290649414062,409.9700012207031
2021-11-05,148.1717071533203,136.33999633789062,175.94949340820312,147.8323974609375,151.30035400390625,339.0399169921875,324.5720520019531,29.6924991607666,89.92887115478516,407.36334228515625
2021-11-08,147.34898376464844,150.16000366210938,174.44900512695312,148.01016235351562,152.2096710205078,336.5452880859375,325.4703063964844,30.742393493652344,90.10881042480469,387.64666748046875
2021-11-09,147.71136474609375,148.9199981689453,178.81149291992188,147.89842224121094,151.05723571777344,333.3152160644531,324.4658508300781,30.595684051513672,89.58788299560547,341.1666564941406
2021-11-10,144.88076782226562,139.8699951171875,174.1024932861328,144.8941650390625,150.91319274902344,325.6325988769531,319.49188232421875,29.400083541870117,88.86808776855469,355.98333740234375
2021-11-11,144.83177185058594,146.00999450683594,173.625,144.7680206298828,150.90419006347656,325.7319641113281,321.0662536621094,30.3292179107666,89.06698608398438,354.5033264160156
2021-11-12,146.908203125,147.88999938964844,176.25750732421875,147.65956115722656,150.2289276123047,338.8013610839844,325.2095642089844,30.3292179107666,88.59341430664062,344.47332763671875
2021-11-15,146.91802978515625,146.49000549316406,177.28399658203125,147.43511962890625,149.9588623046875,345.4305419921875,324.5818176269531,29.964950561523438,89.04802703857422,337.7966613769531
2021-11-16,147.89747619628906,152.4499969482422,177.03500366210938,146.8630828857422,148.8784637451172,340.85870361328125,327.9041748046875,30.142595291137695,90.553955078125,351.57666015625
2021-11-17,150.3363037109375,151.33999633789062,177.4499969482422,147.0329132080078,148.07716369628906,338.6820983886719,328.12664794921875,29.202478408813477,90.28875732421875,363.0033264160156
2021-11-18,154.62631225585938,155.02000427246094,184.80299377441406,148.8121337890625,146.79867553710938,336.6148681640625,330.2070617675781,31.611650466918945,89.65421295166016,365.4599914550781
2021-11-19,157.2512664794922,155.41000366210938,183.82850646972656,147.90638732910156,144.88099670410156,343.184326171875,331.9873352050781,32.919036865234375,89.00070190429688,379.0199890136719
2021-11-22,157.71156311035156,152.52000427246094,178.6284942626953,145.29983520507812,147.96913146972656,338.92071533203125,328.8136901855469,31.892087936401367,89.60684967041016,385.6233215332031
2021-11-23,158.09356689453125,149.9199981689453,179.0019989013672,144.7834014892578,151.50741577148438,335.1837158203125,326.7334289550781,31.682512283325195,88.02516174316406,369.6766662597656
2021-11-24,158.6127166748047,157.8000030517578,179.02049255371094,145.11911010742188,150.3190155029297,338.9703674316406,326.95599365234375,32.60866165161133,88.63130950927734,372.0
2021-11-26,153.5880889892578,154.80999755859375,175.22799682617188,141.20907592773438,145.7903289794922,331.0790100097656,318.9927978515625,31.43999671936035,87.44741821289062,360.6400146484375
2021-11-29,156.94764709472656,161.91000366210938,178.07850646972656,144.53363037109375,145.1601104736328,335.95892333984375,325.7174377441406,33.309242248535156,88.02516174316406,378.9966735839844
2021-11-30,161.9036407470703,158.3699951171875,175.35350036621094,140.925537109375,142.99932861328125,322.4720458984375,319.87322998046875,32.61064529418945,85.94148254394531,381.586669921875
2021-12-01,161.38453674316406,149.11000061035156,172.18600463867188,140.08531188964844,142.15298461914062,308.6969909667969,319.3797912597656,31.3759708404541,85.00382995605469,365.0
2021-12-02,160.39527893066406,150.67999267578125,171.8679962158203,141.9866943359375,145.14207458496094,308.48828125,318.8088684082031,32.06568145751953,85.23116302490234,361.5333251953125
2021-12-03,158.51473999023438,144.00999450683594,169.489501953125,141.02879333496094,142.51312255859375,304.96002197265625,312.5390319824219,30.635366439819336,83.57369232177734,338.3233337402344
2021-12-06,161.92324829101562,139.05999755859375,171.36849975585938,142.1743927001953,144.19676208496094,315.92242431640625,315.6158752441406,29.9805965423584,84.23668670654297,336.336669921875
2021-12-07,167.66281127929688,144.85000610351562,176.1645050048828,146.26072692871094,146.36654663085938,320.8321228027344,324.0628356933594,32.36610412597656,85.2879867553711,350.5833435058594
2021-12-08,171.48269653320312,145.24000549316406,176.1580047607422,147.1714324951172,144.6919403076172,328.53466796875,324.1112976074219,31.766239166259766,84.23668670654297,356.32000732421875
2021-12-09,170.973388671875,138.10000610351562,174.17100524902344,146.627197265625,144.46682739257812,327.79925537109375,322.3018493652344,30.43274688720703,84.07565307617188,334.6000061035156
2021-12-10,175.762939453125,138.5500030517578,172.21200561523438,146.9877166748047,143.890625,327.7296447753906,331.43585205078125,30.14129638671875,97.20272064208984,339.010009765625
2021-12-13,172.12916564941406,133.8000030517578,169.5675048828125,144.82762145996094,142.1800079345703,332.4405822753906,328.3976135253906,28.10811996459961,95.55474090576172,322.13665771484375
2021-12-14,170.7481231689453,135.60000610351562,169.0915069580078,142.9212646484375,143.2694091796875,331.6951599121094,317.6961669921875,28.283790588378906,94.60761260986328,319.5033264160156
2021-12-15,175.61599731445312,146.5,173.31500244140625,145.43789672851562,142.19801330566406,339.566650390625,323.8016052246094,30.40180206298828,98.16878509521484,325.3299865722656
2021-12-16,168.7206573486328,138.63999938964844,168.87100219726562,143.45558166503906,144.42181396484375,332.8480529785156,314.36767578125,28.333694458007812,97.76152038574219,308.97332763671875
2021-12-17,167.62364196777344,137.75,170.0175018310547,140.75421142578125,141.1356201171875,331.744873046875,313.3033447265625,27.748796463012695,91.51054382324219,310.8566589355469
2021-12-20,166.26223754882812,135.8000030517578,167.07899475097656,140.63702392578125,138.59669494628906,323.45599365234375,309.5393981933594,27.666948318481445,86.79389953613281,299.9800109863281
2021-12-21,169.4356689453125,144.25,170.41700744628906,142.48974609375,140.53245544433594,332.15240478515625,316.68023681640625,29.020402908325195,86.67076110839844,312.84332275390625
2021-12-22,172.0312042236328,143.8800048828125,171.03700256347656,145.41207885742188,141.0816192626953,328.42535400390625,322.3986511230469,29.34479331970215,85.1080322265625,336.2900085449219
2021-12-23,172.65805053710938,146.13999938964844,171.06849670410156,145.91014099121094,141.58578491210938,333.18597412109375,323.84033203125,29.584341049194336,84.97543334960938,355.6666564941406
2021-12-27,176.6248321533203,154.36000061035156,169.66949462890625,146.8933563232422,142.39608764648438,344.0589294433594,331.3488464355469,30.88689422607422,84.8049545288086,364.64666748046875
2021-12-28,175.606201171875,153.14999389648438,170.66099548339844,145.6822052001953,142.82826232910156,344.0987243652344,330.18768310546875,30.265060424804688,83.9620132446289,362.8233337402344
2021-12-29,175.69435119628906,148.25999450683594,169.2010040283203,145.6504364013672,142.7561798095703,340.8388366699219,330.8649597167969,29.944664001464844,83.5452880859375,362.0633239746094
2021-12-30,174.53857421875,145.14999389648438,168.64450073242188,145.1990509033203,142.68418884277344,342.2501525878906,328.32025146484375,29.53044319152832,83.35586547851562,356.7799987792969
2021-12-31,173.9215545654297,143.89999389648438,166.7169952392578,143.85980224609375,142.56712341308594,334.2892150878906,325.41741943359375,29.35576820373535,82.59817504882812,352.260009765625
2022-01-03,178.2703094482422,150.24000549316406,170.4044952392578,143.99832153320312,145.58322143554688,336.4658203125,323.89837646484375,30.064441680908203,83.25167083740234,399.9266662597656
2022-01-04,176.0077667236328,144.4199981689453,167.52200317382812,143.410400390625,151.1022491455078,334.4681091308594,318.34442138671875,29.235000610351562,84.14197540283203,383.1966552734375
2022-01-05,171.32598876953125,136.14999389648438,164.35699462890625,136.83126831054688,148.3397979736328,322.183837890625,306.1239013671875,27.55216407775879,81.88783264160156,362.7066650390625
2022-01-06,168.4660186767578,136.22999572753906,163.25399780273438,136.80393981933594,149.915771484375,330.4229736328125,303.70489501953125,28.125083923339844,82.07794189453125,354.8999938964844
2022-01-07,168.6324920654297,132.0,162.5540008544922,136.07846069335938,151.40118408203125,329.7571105957031,303.8597717285156,27.19583511352539,83.19020080566406,342.32000732421875
2022-01-10,168.652099609375,132.0,161.48599243164062,137.7196502685547,151.5460662841797,326.0599365234375,304.0823059082031,27.348552703857422,84.87284088134766,352.7066650390625
2022-01-11,171.48269653320312,137.30999755859375,165.36199951171875,138.77882385253906,151.70004272460938,332.32135009765625,304.7692565917969,27.764766693115234,84.11233520507812,354.79998779296875
2022-01-12,171.9234619140625,137.47000122070312,165.20700073242188,140.4617156982422,152.56048583984375,331.2181091308594,307.9526672363281,27.94642448425293,83.95071411132812,368.739990234375
2022-01-13,168.652099609375,132.74000549316406,161.21400451660156,137.6376953125,152.3702850341797,324.4797058105469,294.9193115234375,26.52509880065918,83.45636749267578,343.85333251953125
2022-01-14,169.5139923095703,136.8800048828125,162.13800048828125,138.5250701904297,143.00509643554688,329.866455078125,300.14422607421875,26.89140510559082,83.36131286621094,349.8699951171875
2022-01-18,166.3112030029297,131.92999267578125,158.91749572753906,135.06643676757812,137.00918579101562,316.20068359375,292.83892822265625,25.854358673095703,81.32695770263672,343.5033264160156
2022-01-19,162.8145294189453,128.27000427246094,156.2989959716797,134.1909637451172,134.88975524902344,317.6319274902344,293.4969177246094,25.019929885864258,79.26407623291016,331.8833312988281
2022-01-20,161.12986755371094,121.88999938964844,151.66749572753906,132.3943634033203,133.739501953125,314.6203918457031,291.8230285644531,24.104652404785156,78.63666534423828,332.0899963378906
2022-01-21,159.07302856445312,118.80999755859375,142.64300537109375,129.45863342285156,131.40272521972656,301.3124694824219,286.43353271484375,23.330110549926758,78.16133880615234,314.6333312988281
2022-01-24,158.2992401123047,116.52999877929688,144.54400634765625,129.9080352783203,131.2849884033203,306.8184814453125,286.7625427246094,23.32811164855957,78.35145568847656,310.0
2022-01-25,156.49705505371094,111.12999725341797,139.98599243164062,126.06551361083984,132.71603393554688,298.3110046386719,279.1379699707031,22.282079696655273,77.06808471679688,306.1333312988281
2022-01-26,156.40892028808594,110.70999908447266,138.87249755859375,128.34776306152344,133.9749755859375,292.8248291015625,287.09149169921875,22.72924041748047,75.66114807128906,312.4700012207031
2022-01-27,155.94857788085938,102.5999984741211,139.6374969482422,128.12132263183594,131.61102294921875,292.8348083496094,290.1201171875,21.902793884277344,75.84178161621094,276.3666687011719
2022-01-28,166.83029174804688,105.23999786376953,143.97799682617188,132.4375762939453,132.78848266601562,299.8614501953125,298.2672119140625,22.797109603881836,76.50724029541016,282.1166687011719
2022-01-31,171.18885803222656,114.25,149.57350158691406,134.37667846679688,134.59088134765625,311.3406677246094,300.89892578125,24.440021514892578,77.15365600585938,312.239990234375
2022-02-01,171.02236938476562,116.77999877929688,151.19349670410156,136.70115661621094,136.90048217773438,317.0455017089844,298.7509460449219,24.591732025146484,77.03958892822266,310.4166564941406
2022-02-02,172.22706604003906,122.76000213623047,150.6125030517578,146.98622131347656,135.8045654296875,321.0210266113281,303.2985534667969,25.19460105895996,78.42752075195312,301.88665771484375
2022-02-03,169.3474578857422,120.08000183105469,138.8455047607422,142.10984802246094,134.68145751953125,236.30325317382812,291.484375,23.90302848815918,77.8951644897461,297.0466613769531
2022-02-04,169.0631103515625,123.5999984741211,157.63949584960938,142.31146240234375,138.1775360107422,235.63735961914062,296.02227783203125,24.273338317871094,78.05675506591797,307.7733459472656
2022-02-07,168.34719848632812,123.66999816894531,157.9355010986328,138.2475128173828,138.63951110839844,223.531982421875,291.19403076171875,24.68156623840332,76.75437927246094,302.4466552734375
2022-02-08,171.4560089111328,128.22999572753906,161.4134979248047,138.4441375732422,141.24795532226562,218.83094787597656,294.68701171875,25.060850143432617,76.80193328857422,307.3333435058594
2022-02-09,172.8780517578125,132.85000610351562,161.1894989013672,140.6221160888672,141.8367156982422,230.57855224609375,301.1214904785156,26.65485382080078,79.33062744140625,310.6666564941406
2022-02-10,168.79827880859375,125.7699966430664,159.0034942626953,137.6704559326172,141.24795532226562,226.6726531982422,292.5777587890625,25.7755069732666,77.80960845947266,301.51666259765625
2022-02-11,165.3854522705078,113.18000030517578,153.2935028076172,133.3626708984375,139.4093475341797,218.20481872558594,285.4757385253906,23.904027938842773,75.8132553100586,286.6666564941406
2022-02-14,165.62083435058594,114.2699966430664,155.16700744628906,134.59767150878906,138.1141815185547,216.36618041992188,285.4369812011719,24.221433639526367,75.0527572631836,291.9200134277344
2022-02-15,169.45538330078125,121.47000122070312,156.510498046875,135.67276000976562,140.13394165039062,219.64593505859375,290.7296447753906,26.445249557495117,75.83228302001953,307.4766540527344
2022-02-16,169.22000122070312,117.69000244140625,158.10049438476562,136.79454040527344,140.3875732421875,215.2132568359375,290.3902893066406,26.461219787597656,75.28089904785156,307.7966613769531
2022-02-17,165.62083435058594,112.37000274658203,154.65249633789062,131.63113403320312,137.1540985107422,206.4373779296875,281.8871154785156,24.460979461669922,71.80157470703125,292.1166687011719
2022-02-18,164.0713348388672,113.83000183105469,152.60150146484375,129.509765625,137.79714965820312,204.8968963623047,279.1722106933594,23.59760284423828,70.88896942138672,285.6600036621094
2022-02-22,161.1488494873047,115.6500015258789,150.19749450683594,128.92430114746094,137.5526123046875,200.84185791015625,278.9685974121094,23.3460750579834,70.46116638183594,273.84332275390625
2022-02-23,156.98085021972656,109.76000213623047,144.82699584960938,126.71403503417969,134.67239379882812,197.23411560058594,271.7452392578125,22.344961166381836,68.89262390136719,254.67999267578125
2022-02-24,159.59930419921875,116.61000061035156,151.35800170898438,131.78207397460938,130.92269897460938,206.3280487060547,285.629638671875,23.70340347290039,71.11711883544922,266.92333984375
2022-02-25,161.6686248779297,121.05999755859375,153.7884979248047,133.53848266601562,134.02027893066406,209.19039916992188,288.26690673828125,24.111637115478516,72.58110046386719,269.9566650390625
2022-02-28,161.93338012695312,123.33999633789062,153.56300354003906,134.13189697265625,128.4319610595703,209.73703002929688,289.701904296875,24.339208602905273,72.21986389160156,290.1433410644531
2022-03-01,160.0504608154297,113.83000183105469,151.14199829101562,133.14317321777344,123.5863037109375,202.24322509765625,285.97869873046875,23.432910919189453,72.25788116455078,288.1233215332031
2022-03-02,163.34561157226562,118.27999877929688,152.05250549316406,133.6497039794922,126.1495132446289,206.8349151611328,291.0593566894531,24.17863655090332,74.41580963134766,293.2966613769531
2022-03-03,163.02195739746094,111.9800033569336,147.89849853515625,132.98231506347656,125.25286102294922,201.72642517089844,286.9192199707031,23.673505783081055,74.3873062133789,279.7633361816406
2022-03-04,160.0210418701172,108.41000366210938,145.64100646972656,131.00294494628906,121.72956848144531,198.83424377441406,281.04351806640625,22.896835327148438,72.71417999267578,279.42999267578125
2022-03-07,156.22572326660156,102.94999694824219,137.4530029296875,125.51282501220703,117.02886962890625,186.32138061523438,270.4265441894531,21.315540313720703,70.65130615234375,268.1933288574219
2022-03-08,154.40162658691406,105.52999877929688,136.01449584960938,126.23385620117188,116.20467376708984,189.1240997314453,267.4596252441406,21.47726058959961,69.7101821899414,274.79998779296875
2022-03-09,159.80528259277344,111.05000305175781,139.2790069580078,132.50608825683594,120.86007690429688,197.2838134765625,279.724853515625,22.974695205688477,72.34343719482422,286.3233337402344
2022-03-10,155.46078491210938,106.45999908447266,146.8175048828125,131.52236938476562,119.42903137207031,194.01397705078125,276.9034118652344,22.619308471679688,72.86628723144531,279.4333190917969
2022-03-11,151.743896484375,104.29000091552734,145.52450561523438,128.98089599609375,116.73902893066406,186.4605255126953,271.55133056640625,22.062257766723633,73.97854614257812,265.1166687011719
2022-03-14,147.7132110595703,102.25,141.85299682617188,125.08824920654297,117.89836120605469,185.48651123046875,268.0317077636719,21.2935733795166,73.26557159423828,255.4566650390625
2022-03-15,152.09693908691406,109.33000183105469,147.3665008544922,128.3130340576172,119.9905776977539,190.8534393310547,278.4159240722656,22.933767318725586,76.62130737304688,267.2966613769531
2022-03-16,156.5101318359375,115.37000274658203,153.10400390625,132.3675537109375,125.35246276855469,202.3823699951172,285.435791015625,24.45416831970215,76.01290893554688,280.07666015625
2022-03-17,157.52023315429688,111.69000244140625,157.23899841308594,132.92222595214844,126.93751525878906,206.5665740966797,286.240478515625,24.723709106445312,76.62130737304688,290.5333251953125
2022-03-18,160.8154296875,113.45999908447266,161.25050354003906,135.1930389404297,126.89222717285156,215.16358947753906,291.2919921875,26.407825469970703,77.64799499511719,301.7966613769531
2022-03-21,162.18838500976562,115.91999816894531,161.4915008544922,135.16921997070312,126.4845962524414,210.1942138671875,290.0606689453125,26.688344955444336,76.96353912353516,307.0533447265625
2022-03-22,165.56201171875,114.77999877929688,164.88900756835938,138.909912109375,129.1746368408203,215.3225860595703,294.81158447265625,26.47870445251465,77.7620620727539,331.32666015625
2022-03-23,166.92518615722656,113.91999816894531,163.4080047607422,137.32833862304688,126.60237121582031,212.1521453857422,290.3805847167969,25.59022331237793,76.42168426513672,333.03668212890625
2022-03-24,170.71067810058594,120.52999877929688,163.64950561523438,140.6022491455078,127.42658233642578,218.22470092773438,294.85040283203125,28.101926803588867,78.18035888671875,337.97332763671875
2022-03-25,171.34812927246094,119.66999816894531,164.77349853515625,140.7025604248047,128.5406494140625,220.4609375,294.44317626953125,27.644710540771484,77.69551849365234,336.8800048828125
2022-03-28,172.21112060546875,120.23999786376953,168.99049377441406,140.486572265625,127.58963775634766,222.22007751464844,301.2496032714844,28.170808792114258,79.47321319580078,363.9466552734375
2022-03-29,175.5063018798828,123.2300033569336,169.31500244140625,141.52935791015625,127.87037658691406,228.45164489746094,305.8163757324219,28.607057571411133,80.12915802001953,366.5233459472656
2022-03-30,174.33926391601562,119.22000122070312,166.30099487304688,140.9662322998047,127.29071044921875,226.45399475097656,304.3135070800781,27.64271354675293,79.24505615234375,364.663330078125
2022-03-31,171.24024963378906,109.33999633789062,162.99749755859375,138.1149139404297,123.46857452392578,220.9976043701172,298.9323425292969,27.239402770996094,78.64618682861328,359.20001220703125
2022-04-01,170.94602966308594,108.19000244140625,163.55999755859375,139.1905059814453,122.55379486083984,223.47238159179688,300.0085754394531,26.666385650634766,77.9616928100586,361.5299987792969
2022-04-04,174.996337890625,110.52999877929688,168.34649658203125,141.99217224121094,123.09720611572266,232.45697021484375,305.38970947265625,27.313274383544922,79.92000579833984,381.8166809082031
2022-04-05,171.68157958984375,106.81999969482422,164.05499267578125,139.62799072265625,121.6646957397461,230.4195098876953,301.42413330078125,25.886716842651367,78.8458023071289,363.7533264160156
2022-04-06,168.51390075683594,103.66999816894531,158.75599670410156,135.61270141601562,119.97666931152344,221.93186950683594,290.3902893066406,24.365318298339844,78.06626892089844,348.586669921875
2022-04-07,168.81788635253906,103.72000122070312,157.7845001220703,134.9576873779297,119.6117172241211,221.583984375,292.20343017578125,24.166658401489258,77.81814575195312,352.4200134277344
2022-04-08,166.80747985839844,101.0,154.4604949951172,132.37449645996094,121.80157470703125,220.96780395507812,287.937255859375,23.07951545715332,77.24554443359375,341.8299865722656
2022-04-11,162.55120849609375,97.37000274658203,151.1219940185547,127.94108581542969,121.3544692993164,215.13375854492188,276.5834655761719,21.879568099975586,76.11939239501953,325.30999755859375
2022-04-12,164.42434692382812,95.0999984741211,150.78750610351562,126.83967590332031,120.02230834960938,212.82797241210938,273.4807434082031,21.467275619506836,75.70902252197266,328.98333740234375
2022-04-13,167.11146545410156,97.73999786376953,155.54100036621094,129.00424194335938,116.15355682373047,213.67279052734375,278.87164306640625,22.16508674621582,76.10983276367188,340.7900085449219
2022-04-14,162.1001434326172,93.05999755859375,151.7064971923828,125.8619155883789,115.07688903808594,208.8922119140625,271.31854248046875,21.221698760986328,75.82352447509766,328.3333435058594
2022-04-18,161.8843536376953,93.88999938964844,152.78500366210938,126.80194091796875,117.21200561523438,209.47860717773438,271.98760986328125,21.745800018310547,74.6496810913086,334.7633361816406
2022-04-19,164.16937255859375,96.93000030517578,158.11549377441406,129.1184539794922,119.63905334472656,215.97854614257812,276.6222229003906,22.160093307495117,75.92852020263672,342.7166748046875
2022-04-20,164.002685546875,94.0199966430664,153.9980010986328,127.1629409790039,120.05882263183594,199.19204711914062,277.6500244140625,21.4453182220459,76.62519836425781,325.73333740234375
2022-04-21,163.20831298828125,89.8499984741211,148.29600524902344,123.95953369140625,119.12812042236328,186.917724609375,272.26873779296875,20.14853286743164,75.8521728515625,336.260009765625
2022-04-22,158.66766357421875,88.13999938964844,144.35000610351562,118.81600952148438,115.70645904541016,182.9819793701172,265.6950378417969,19.481672286987305,72.73143768310547,335.01666259765625
2022-04-25,159.73663330078125,90.69000244140625,146.07400512695312,122.23096466064453,115.66996765136719,185.84432983398438,272.1815185546875,19.868011474609375,73.46626281738281,332.67333984375
2022-04-26,153.7739715576172,85.16000366210938,139.39100646972656,117.83726501464844,112.24829864501953,179.84133911132812,262.00091552734375,18.755916595458984,71.10901641845703,292.1400146484375
2022-04-27,153.5484161376953,84.91000366210938,138.16700744628906,113.51160430908203,110.78841400146484,173.8780975341797,274.6054382324219,18.38355255126953,71.34759521484375,293.836669921875
2022-04-28,160.48196411132812,89.63999938964844,144.59649658203125,117.71063232421875,112.5403060913086,204.46949768066406,280.8205261230469,19.748214721679688,72.66461944580078,292.5033264160156
2022-04-29,154.60755920410156,85.5199966430664,124.28150177001953,113.32785034179688,108.9087905883789,199.2417449951172,269.078857421875,18.515329360961914,70.0496826171875,290.2533264160156
2022-05-02,154.91160583496094,89.83999633789062,124.5,115.78441619873047,109.9033432006836,209.83642578125,275.8174743652344,19.49964141845703,70.622314453125,300.9800109863281
2022-05-03,156.4022216796875,91.12999725341797,124.25350189208984,116.5302734375,112.25743865966797,210.7309112548828,273.2092590332031,19.568525314331055,69.9447021484375,303.0833435058594
2022-05-04,162.81600952148438,99.41999816894531,125.92849731445312,121.42353057861328,115.97107696533203,222.04115295410156,281.1598815917969,20.29927635192871,71.77706909179688,317.5400085449219
2022-05-05,153.74453735351562,93.87000274658203,116.40699768066406,115.70744323730469,113.06951141357422,207.00387573242188,268.9140319824219,18.81181526184082,69.47708129882812,291.09332275390625
2022-05-06,154.47132873535156,95.33999633789062,114.77249908447266,114.95365905761719,112.88701629638672,202.52151489257812,266.37371826171875,18.64310646057129,69.18121337890625,288.54998779296875
2022-05-09,149.3445587158203,86.36000061035156,108.78900146484375,111.74030303955078,111.18988800048828,195.0078582763672,256.53240966796875,16.921056747436523,68.27457427978516,262.3699951171875
2022-05-10,151.75079345703125,88.7300033569336,108.85900115966797,113.61140441894531,108.47993469238281,196.43899536132812,261.30279541015625,17.56494903564453,69.21939086914062,266.67999267578125
2022-05-11,143.88381958007812,87.91999816894531,105.37200164794922,112.82434844970703,107.79560852050781,187.58360290527344,252.6249542236328,16.601600646972656,67.78784942626953,244.6666717529297
2022-05-12,140.01419067382812,87.05999755859375,106.93049621582031,112.07102966308594,107.7043685913086,190.0682830810547,247.58319091796875,16.147380828857422,67.50154876708984,242.6666717529297
2022-05-13,144.4829559326172,95.12000274658203,113.05500030517578,115.25556182861328,108.66242980957031,197.40306091308594,253.1776580810547,17.675758361816406,67.92147827148438,256.5299987792969
2022-05-16,142.94097900390625,94.23999786376953,110.81050109863281,113.66106414794922,107.90511322021484,198.8143768310547,253.54611206054688,17.23451042175293,66.52810668945312,241.4566650390625
2022-05-17,146.5749053955078,102.47000122070312,115.36849975585938,115.67517852783203,111.48187255859375,201.37857055664062,258.704345703125,18.14595603942871,68.59906768798828,253.8699951171875
2022-05-18,138.30528259277344,96.27999877929688,107.11250305175781,111.13301086425781,109.57486724853516,191.06216430664062,246.92559814453125,16.909074783325195,65.1824722290039,236.60333251953125
2022-05-19,134.89723205566406,96.66999816894531,107.31900024414062,109.62789154052734,107.95072174072266,190.11798095703125,246.01202392578125,17.094757080078125,63.97999572753906,236.47332763671875
2022-05-20,135.13296508789062,93.5,107.59100341796875,108.16199493408203,107.06566619873047,192.3542022705078,245.44837951660156,16.66549301147461,65.49739837646484,221.3000030517578
2022-05-23,140.5543670654297,95.06999969482422,107.55699920654297,110.72431945800781,113.68997955322266,195.02769470214844,253.31056213378906,16.869138717651367,66.84304809570312,224.96665954589844
2022-05-24,137.85350036621094,91.16000366210938,104.0999984741211,105.24412536621094,115.29586791992188,180.1693115234375,252.3096160888672,16.12641143798828,65.87915802001953,209.3866729736328
2022-05-25,138.01060485839844,92.6500015258789,106.7750015258789,105.08026123046875,116.09880065917969,182.7036895751953,255.1279296875,16.946012496948242,66.64263153076172,219.60000610351562
2022-05-26,141.21240234375,98.75,111.07749938964844,107.05413818359375,118.10617065429688,190.4558868408203,258.4127502441406,17.820514678955078,68.38910675048828,235.91000366210938
2022-05-27,146.96775817871094,102.26000213623047,115.14649963378906,111.5471420288086,119.77593994140625,193.93446350097656,265.54608154296875,18.778879165649414,69.4579849243164,253.2100067138672
2022-05-31,146.1820526123047,101.86000061035156,120.20950317382812,112.98274230957031,120.65186309814453,192.45358276367188,264.21466064453125,18.64011573791504,68.63724517822266,252.75332641601562
2022-06-01,146.05435180664062,101.22000122070312,121.68399810791016,113.11185455322266,118.5350341796875,187.4842071533203,264.7491760253906,18.288713455200195,68.33184051513672,246.7899932861328
2022-06-02,148.50973510742188,108.58999633789062,125.51100158691406,116.81681060791016,120.4420394897461,197.64158630371094,266.84832763671875,19.558542251586914,69.80154418945312,258.3333435058594
2022-06-03,142.78379821777344,106.30000305175781,122.3499984741211,113.75640869140625,118.76312255859375,189.61111450195312,262.4167175292969,18.68802833557129,68.51317596435547,234.51666259765625
2022-06-06,143.53024291992188,105.6500015258789,124.79000091552734,116.02030181884766,118.37081146240234,193.05984497070312,261.18243408203125,18.753921508789062,69.63931274414062,238.27999877929688
2022-06-07,146.05435180664062,105.27999877929688,123.0,116.3470458984375,118.68102264404297,194.45127868652344,264.826904296875,18.8936767578125,69.3720932006836,238.8866729736328
2022-06-08,145.31776428222656,101.9000015258789,121.18000030517578,116.39124298095703,116.79227447509766,195.43521118164062,262.79583740234375,18.620092391967773,68.12187194824219,241.86666870117188
2022-06-09,140.09275817871094,98.80000305175781,116.1500015258789,114.04889678955078,114.33779907226562,182.87265014648438,257.333984375,18.0209903717041,66.06046295166016,239.7066650390625
2022-06-10,134.68115234375,94.81999969482422,109.6500015258789,110.40006256103516,109.08216857910156,174.4943084716797,245.8662872314453,16.948596954345703,64.0754165649414,232.22999572753906
2022-06-13,129.52491760253906,86.98999786376953,103.66999816894531,105.66372680664062,105.83385467529297,163.25355529785156,235.43841552734375,15.623580932617188,61.126468658447266,215.73666381835938
2022-06-14,130.38919067382812,86.98999786376953,102.30999755859375,105.98451232910156,104.07286834716797,162.72683715820312,237.6056365966797,15.812296867370605,67.49201965332031,220.88999938964844
2022-06-15,133.0115509033203,89.30000305175781,107.66999816894531,109.01264953613281,105.30465698242188,168.31243896484375,244.67091369628906,16.50226402282715,66.51856231689453,233.0
2022-06-16,127.7374038696289,82.05000305175781,103.66000366210938,105.30718231201172,103.49801635742188,159.8843536376953,238.0720977783203,15.57765007019043,65.57376098632812,213.10000610351562
2022-06-17,129.21063232421875,81.56999969482422,106.22000122070312,106.40958404541016,103.13304901123047,162.7367706298828,240.6766815185547,15.856232643127441,64.62894439697266,216.75999450683594
2022-06-21,133.4436798095703,83.79000091552734,108.68000030517578,110.77993774414062,105.68787384033203,156.0877685546875,246.59515380859375,16.541202545166016,64.59076690673828,237.0366668701172
2022-06-22,132.9329833984375,83.75,108.94999694824219,110.72383117675781,105.09478759765625,154.89511108398438,246.00234985351562,16.335512161254883,63.493255615234375,236.086669921875
2022-06-23,135.80079650878906,82.43000030517578,112.44000244140625,111.47315979003906,103.94511413574219,157.77734375,251.5709686279297,16.200719833374023,64.54306030273438,235.07000732421875
2022-06-24,139.13027954101562,87.08000183105469,116.45999908447266,117.1668930053711,107.04739379882812,169.117431640625,260.1620178222656,17.100364685058594,67.47291564941406,245.7066650390625
2022-06-27,139.13027954101562,86.16000366210938,113.22000122070312,115.04006958007812,106.1897201538086,168.45155334472656,257.43115234375,16.84375,67.19615936279297,244.9199981689453
2022-06-28,134.98562622070312,80.77999877929688,107.4000015258789,111.2402572631836,105.67874908447266,159.6955108642578,249.25799560546875,15.95807933807373,65.4496841430664,232.663330078125
2022-06-29,136.74366760253906,77.98999786376953,108.91999816894531,110.93636322021484,105.20429229736328,162.93553161621094,252.9315643310547,15.51873779296875,66.05094146728516,228.49000549316406
2022-06-30,134.27845764160156,76.47000122070312,106.20999908447266,108.21660614013672,102.74981689453125,160.26202392578125,249.59812927246094,15.136311531066895,66.6808090209961,224.47332763671875
2022-07-01,136.44903564453125,73.66999816894531,109.55999755859375,107.99266052246094,104.06375122070312,159.0494842529297,252.27064514160156,14.501263618469238,67.63514709472656,227.26333618164062
2022-07-05,139.03201293945312,75.19999694824219,113.5,112.48716735839844,103.66793823242188,167.1595001220703,255.4486541748047,14.941601753234863,68.70402526855469,233.06666564941406
2022-07-06,140.3677520751953,75.3499984741211,114.33000183105469,113.78719329833984,102.99594116210938,168.72982788085938,258.71405029296875,15.107354164123535,68.38910675048828,231.73333740234375
2022-07-07,143.7365264892578,79.30000305175781,116.33000183105469,117.96935272216797,105.60099792480469,171.13499450683594,260.8423156738281,15.83426570892334,68.55134582519531,244.5433349609375
2022-07-08,144.4141845703125,79.3499984741211,115.54000091552734,118.53594970703125,105.26958465576172,169.83302307128906,260.12322998046875,15.81429672241211,68.58954620361328,250.76333618164062
2022-07-11,142.28292846679688,76.94999694824219,111.75,114.8841323852539,103.88883972167969,161.88201904296875,257.0619201660156,15.129322052001953,68.60869598388672,234.3433380126953
2022-07-12,143.25527954101562,76.36000061035156,109.22000122070312,113.2394790649414,103.9900894165039,162.26966857910156,246.52713012695312,15.059428215026855,67.4966812133789,233.07000732421875
2022-07-13,142.89186096191406,77.5199966430664,110.4000015258789,110.59074401855469,103.01435852050781,162.48831176757812,245.6038818359375,15.141304969787598,67.13240814208984,237.0399932861328
2022-07-14,145.8186492919922,78.5999984741211,110.62999725341797,109.61149597167969,99.4151611328125,157.08163452148438,246.92559814453125,15.348993301391602,66.5763931274414,238.31333923339844
2022-07-15,147.4883270263672,81.11000061035156,113.55000305175781,111.01183319091797,103.9716796875,163.69090270996094,249.4912109375,15.738408088684082,67.81301879882812,240.06666564941406
2022-07-18,144.4436798095703,81.43000030517578,113.76000213623047,108.28316497802734,102.90388488769531,166.2053680419922,247.09078979492188,16.076902389526367,67.30497741699219,240.54666137695312
2022-07-19,148.30349731445312,85.87999725341797,118.20999908447266,113.0304183959961,105.4537124633789,174.70301818847656,252.22213745117188,16.966567993164062,69.25098419189453,245.52999877929688
2022-07-20,150.30702209472656,89.43000030517578,122.7699966430664,113.11981201171875,105.435302734375,181.9682159423828,254.8849639892578,17.78034782409668,69.58647155761719,247.5
2022-07-21,152.57579040527344,91.08999633789062,124.62999725341797,113.5567855834961,106.15331268310547,182.04771423339844,257.38262939453125,18.022981643676758,71.45580291748047,271.7066650390625
2022-07-22,151.3383026123047,88.0999984741211,122.41999816894531,107.16090393066406,105.63780212402344,168.23291015625,253.02874755859375,17.293079376220703,71.80091857910156,272.24334716796875
2022-07-25,150.2186737060547,87.54000091552734,121.13999938964844,106.77356719970703,106.06124877929688,165.62893676757812,251.5417938232422,16.998519897460938,71.76256561279297,268.4333190917969
2022-07-26,148.89276123046875,85.25,114.80999755859375,104.30062103271484,104.4043197631836,158.17489624023438,244.80697631835938,16.508258819580078,70.96691131591797,258.8599853515625
2022-07-27,153.9900665283203,89.81999969482422,120.97000122070312,112.28555297851562,106.07965850830078,168.54100036621094,261.1728210449219,17.763376235961914,72.73078155517578,274.82000732421875
2022-07-28,154.54010009765625,91.66999816894531,122.27999877929688,113.43760681152344,105.68382263183594,159.7352752685547,268.6268615722656,17.957082748413086,73.85235595703125,280.8999938964844
2022-07-29,159.60792541503906,94.47000122070312,134.9499969482422,115.52323150634766,106.19011688232422,158.12521362304688,272.83489990234375,18.135820388793945,74.6192626953125,297.1499938964844
2022-08-01,158.62579345703125,96.77999877929688,135.38999938964844,114.0732192993164,105.13152313232422,158.95010375976562,270.1817626953125,18.41340446472168,74.23580932617188,297.27667236328125
2022-08-02,157.15255737304688,99.29000091552734,134.16000366210938,114.34137725830078,103.49300384521484,159.20852661132812,267.0816345214844,18.498268127441406,73.19091033935547,300.586669921875
2022-08-03,163.16329956054688,98.08999633789062,139.52000427246094,117.27117156982422,104.57923126220703,167.76577758789062,274.5162353515625,18.864721298217773,74.16870880126953,307.39666748046875
2022-08-04,162.84898376464844,103.91000366210938,142.57000732421875,117.38042449951172,103.42857360839844,169.52493286132812,275.6629333496094,19.18623924255371,74.19747161865234,308.6333312988281
2022-08-05,162.62281799316406,102.30999755859375,140.8000030517578,116.66535186767578,106.5583267211914,166.0861358642578,274.94378662109375,18.96057891845703,74.1495361328125,288.1700134277344
2022-08-08,162.1507110595703,100.06999969482422,139.41000366210938,116.49651336669922,105.26040649414062,169.20689392089844,272.4267272949219,17.766372680664062,73.30594635009766,290.42333984375
2022-08-09,162.1998748779297,95.54000091552734,137.8300018310547,115.83109283447266,106.2085189819336,167.4974365234375,274.3509826660156,17.0604305267334,73.5935287475586,283.3333435058594
2022-08-10,166.44862365722656,99.05000305175781,142.69000244140625,118.88006591796875,108.97926330566406,177.247314453125,281.017822265625,18.069915771484375,74.33167266845703,294.3566589355469
2022-08-11,165.71104431152344,98.12000274658203,140.63999938964844,118.02595520019531,110.59015655517578,176.40255737304688,278.93798828125,17.915143966674805,73.96739959716797,286.6300048828125
2022-08-12,169.261474609375,100.83000183105469,143.5500030517578,120.84651184082031,112.4219741821289,179.39410400390625,283.6903991699219,18.681001663208008,75.87506103515625,300.0299987792969
2022-08-15,170.33351135253906,101.01000213623047,143.17999267578125,121.24378204345703,112.72574615478516,179.7816925048828,285.2064208984375,19.003515243530273,75.83671569824219,309.32000732421875
2022-08-16,170.17613220214844,100.19999694824219,144.77999877929688,120.86637115478516,113.80274200439453,178.37039184570312,284.46783447265625,18.850744247436523,76.22975158691406,306.5633239746094
2022-08-17,171.6710662841797,98.2699966430664,142.10000610351562,118.73110961914062,112.84539031982422,173.7787322998047,283.7179260253906,18.307558059692383,75.9709243774414,303.9966735839844
2022-08-18,171.2776641845703,100.44000244140625,142.3000030517578,119.34685516357422,111.9709243774414,173.58987426757812,282.5979309082031,18.744903564453125,76.03802490234375,302.8699951171875
2022-08-19,168.69102478027344,95.94999694824219,138.22999572753906,116.40713500976562,109.2001724243164,166.93093872070312,278.682861328125,17.822288513183594,75.40532684326172,296.6666564941406
2022-08-22,164.80618286132812,92.83999633789062,133.22000122070312,113.45747375488281,107.39598083496094,162.051025390625,270.5021057128906,17.008502960205078,73.29637145996094,289.913330078125
2022-08-23,164.4717559814453,92.48999786376953,133.6199951171875,113.08007049560547,106.33738708496094,160.12286376953125,269.2262268066406,17.155284881591797,73.24842834472656,296.4533386230469
2022-08-24,164.76683044433594,92.7300033569336,133.8000030517578,112.91124725341797,106.59514617919922,162.25967407226562,268.5932312011719,17.196224212646484,73.01836395263672,297.0966796875
2022-08-25,167.22561645507812,97.18000030517578,137.27999877929688,115.85096740722656,109.12653350830078,167.7458953857422,271.5733337402344,17.886186599731445,73.70858001708984,296.07000732421875
2022-08-26,160.92132568359375,91.18000030517578,130.75,109.58418273925781,105.5549545288086,160.78878784179688,261.0940856933594,16.235666275024414,71.5612564086914,288.0899963378906
2022-08-29,158.71824645996094,88.48999786376953,129.7899932861328,108.67048645019531,105.29722595214844,158.1947784423828,258.3087463378906,15.777349472045898,71.12029266357422,284.82000732421875
2022-08-30,156.28903198242188,86.94000244140625,128.72999572753906,108.19377899169922,105.31563568115234,156.19708251953125,256.1076965332031,15.44485092163086,71.07234954833984,277.70001220703125
2022-08-31,154.6268768310547,84.87000274658203,126.7699966430664,107.47870635986328,104.68968963623047,161.93173217773438,254.64688110351562,15.071410179138184,71.08193969726562,275.6099853515625
2022-09-01,155.3546905517578,82.33000183105469,127.81999969482422,108.98828125,105.40768432617188,164.34686279296875,253.6047821044922,13.916139602661133,72.18437194824219,277.1600036621094
2022-09-02,153.24014282226562,80.23999786376953,127.51000213623047,107.11124420166016,104.67127227783203,159.33773803710938,249.37802124023438,13.626574516296387,71.59001922607422,270.2099914550781
2022-09-06,151.98126220703125,78.72000122070312,126.11000061035156,106.07836151123047,104.69888305664062,157.568603515625,246.64132690429688,13.444847106933594,70.77517700195312,274.4200134277344
2022-09-07,153.38768005371094,79.61000061035156,129.47999572753906,108.70027923583984,106.68720245361328,159.40728759765625,251.35508728027344,13.697543144226074,71.40786743164062,283.70001220703125
2022-09-08,151.91241455078125,82.77999877929688,129.82000732421875,107.63761138916016,109.17256927490234,161.06707763671875,251.77383422851562,13.973213195800781,71.5612564086914,289.260009765625
2022-09-09,154.77442932128906,85.44999694824219,133.27000427246094,109.8920669555664,109.69725799560547,168.11363220214844,257.5588684082031,14.369735717773438,72.76913452148438,299.67999267578125
2022-09-12,160.73443603515625,84.63999938964844,136.4499969482422,110.10062408447266,110.99518585205078,167.9248046875,259.6917419433594,14.487593650817871,73.89070129394531,304.4200134277344
2022-09-13,151.30262756347656,77.02999877929688,126.81999969482422,103.60543060302734,107.13825225830078,152.1917724609375,245.4142608642578,13.115242004394531,72.89373779296875,292.1300048828125
2022-09-14,152.74839782714844,77.44999694824219,128.5500030517578,104.28076171875,106.88970184326172,150.54196166992188,245.6382598876953,13.112247467041016,69.13594055175781,302.6099853515625
2022-09-15,149.85687255859375,76.66000366210938,126.27999877929688,102.20508575439453,108.50060272216797,148.6337127685547,238.9767303466797,12.913485527038574,67.33372497558594,303.75
2022-09-16,148.2144012451172,76.51000213623047,123.52999877929688,102.09584045410156,107.77339172363281,145.39369201660156,238.3534393310547,13.18216323852539,65.98207092285156,303.3500061035156
2022-09-19,151.93206787109375,76.7699966430664,124.66000366210938,102.36398315429688,108.76754760742188,147.11309814453125,238.13919067382812,13.365941047668457,66.21215057373047,309.07000732421875
2022-09-20,154.31214904785156,75.25,122.19000244140625,100.44721221923828,106.62274932861328,145.19493103027344,236.12315368652344,13.160188674926758,65.29185485839844,308.7300109863281
2022-09-21,151.1846160888672,74.4800033569336,118.54000091552734,98.59994506835938,103.54823303222656,141.24923706054688,232.71449279785156,13.245088577270508,63.988121032714844,300.79998779296875
2022-09-22,150.22079467773438,69.5,117.30999755859375,99.45405578613281,102.37000274658203,141.94496154785156,234.6915283203125,12.545926094055176,63.297916412353516,288.5899963378906
2022-09-23,147.94883728027344,67.95999908447266,113.77999877929688,98.06363677978516,100.46454620361328,139.54974365234375,231.71139526367188,12.500981330871582,61.87916946411133,275.3299865722656
2022-09-26,148.2832489013672,66.30000305175781,115.1500015258789,97.49755096435547,98.30134582519531,135.53445434570312,231.253662109375,12.213326454162598,60.82466506958008,276.010009765625
2022-09-27,149.2569580078125,67.16999816894531,114.41000366210938,96.8321304321289,97.43605041503906,133.5765380859375,230.2407989501953,12.39810562133789,59.837284088134766,282.94000244140625
2022-09-28,147.3686065673828,68.36000061035156,118.01000213623047,99.36467742919922,99.40594482421875,140.74237060546875,234.7792205810547,12.72071647644043,60.460391998291016,287.80999755859375
2022-09-29,140.12998962402344,64.13999938964844,114.80000305175781,96.752685546875,97.72142028808594,135.57423400878906,231.30239868164062,12.205336570739746,58.859493255615234,268.2099914550781
2022-09-30,135.9206085205078,63.36000061035156,113.0,94.99481964111328,96.19337463378906,134.84869384765625,226.8223876953125,12.124432563781738,58.543148040771484,265.25
2022-10-03,140.10049438476562,66.11000061035156,115.87999725341797,97.96432495117188,99.16663360595703,137.76075744628906,234.4578399658203,12.49698543548584,60.4699821472168,242.39999389648438
2022-10-04,143.69032287597656,67.9000015258789,121.08999633789062,100.94377899169922,103.80599212646484,139.42051696777344,242.38540649414062,13.151199340820312,62.971988677978516,249.44000244140625
2022-10-05,143.9853515625,67.94000244140625,120.94999694824219,100.7352294921875,102.52432250976562,138.1284942626953,242.69705200195312,13.19314956665039,63.882686614990234,240.80999755859375
2022-10-06,143.0313262939453,67.8499984741211,120.30000305175781,100.72528076171875,100.43464660644531,138.21792602539062,240.34994506835938,13.114245414733887,62.5981330871582,238.1300048828125
2022-10-07,137.7794189453125,58.439998626708984,114.55999755859375,98.00405883789062,98.42855834960938,132.63238525390625,228.12745666503906,12.061509132385254,60.67129135131836,223.07000732421875
2022-10-10,138.10397338867188,57.810001373291016,113.66999816894531,97.1896743774414,97.50908660888672,132.9702911376953,223.26763916015625,11.655998229980469,59.981082916259766,222.9600067138672
2022-10-11,136.68772888183594,57.630001068115234,112.20999908447266,96.51432800292969,94.69500732421875,127.75242614746094,219.52786254882812,11.572098731994629,60.13524627685547,216.5
2022-10-12,136.0583038330078,57.849998474121094,112.9000015258789,96.8917236328125,96.22743225097656,126.71881866455078,219.85899353027344,11.486201286315918,61.45530700683594,217.24000549316406
2022-10-13,140.631591796875,58.939998626708984,112.52999877929688,98.38146209716797,101.5770034790039,129.49172973632812,228.12745666503906,11.945649147033691,62.823551177978516,221.72000122070312
2022-10-14,136.09762573242188,55.939998626708984,106.9000015258789,95.89857482910156,103.26732635498047,125.98334503173828,222.5956268310547,11.21352767944336,61.96598815917969,204.99000549316406
2022-10-17,140.06117248535156,57.959999084472656,113.79000091552734,99.28522491455078,107.60456848144531,133.21875,231.33157348632812,11.873734474182129,64.57720947265625,219.35000610351562
2022-10-18,141.37905883789062,57.91999816894531,116.36000061035156,100.07974243164062,110.3722152709961,131.986328125,232.27627563476562,11.95263957977295,64.58686828613281,220.19000244140625
2022-10-19,141.48721313476562,57.22999954223633,115.06999969482422,98.9475326538086,108.208251953125,132.41371154785156,230.30897521972656,12.036537170410156,63.88347244262695,222.0399932861328
2022-10-20,141.0249786376953,57.77000045776367,115.25,99.28522491455078,107.85530853271484,130.72413635253906,229.9875946044922,12.179369926452637,66.72593688964844,207.27999877929688
2022-10-21,144.8409881591797,58.81999969482422,119.31999969482422,100.43726348876953,113.52066802978516,129.2134246826172,235.80178833007812,12.451040267944336,70.05017852783203,214.44000244140625
2022-10-24,146.98501586914062,58.70000076293945,119.81999969482422,101.8177490234375,113.65998840332031,128.92523193359375,240.79795837402344,12.583882331848145,70.26216125488281,211.25
2022-10-25,149.82736206054688,61.470001220703125,120.5999984741211,103.76432800292969,113.95719146728516,136.66746520996094,244.11895751953125,13.245088577270508,70.47415924072266,222.4199981689453
2022-10-26,146.88671875,59.72999954223633,115.66000366210938,94.27973937988281,115.26673126220703,129.02459716796875,225.2836456298828,12.880523681640625,72.09290313720703,224.63999938964844
2022-10-27,142.4117431640625,58.599998474121094,110.95999908447266,91.58829498291016,115.72181701660156,97.33992767333984,220.8328857421875,13.160188674926758,72.410888671875,225.08999633789062
2022-10-28,153.1713104248047,62.0099983215332,103.41000366210938,95.63042449951172,117.09635925292969,98.59220123291016,229.7148895263672,13.817399978637695,74.54033660888672,228.52000427246094
2022-10-31,150.81088256835938,60.060001373291016,102.44000244140625,93.86261749267578,116.91060638427734,92.58921813964844,226.072509765625,13.480804443359375,75.2244644165039,227.5399932861328
2022-11-01,148.1652374267578,59.65999984741211,96.79000091552734,89.85029602050781,119.01885223388672,94.61670684814453,222.2158203125,13.526750564575195,74.29944610595703,227.82000732421875
2022-11-02,142.63795471191406,58.630001068115234,92.12000274658203,86.37427520751953,117.92294311523438,89.98526763916016,214.3564453125,13.203137397766113,72.3819808959961,214.97999572753906
2022-11-03,136.58937072753906,60.11000061035156,89.30000305175781,82.85852813720703,118.13655853271484,88.3652572631836,208.65908813476562,13.404894828796387,72.29525756835938,215.30999755859375
2022-11-04,136.3233642578125,62.189998626708984,90.9800033569336,85.9869384765625,121.36858367919922,90.23373413085938,215.6127471923828,14.13901424407959,73.22989654541016,207.47000122070312
2022-11-07,136.85536193847656,63.08000183105469,90.52999877929688,87.88385772705078,122.00942993164062,96.1274185180664,221.92364501953125,14.283839225769043,73.94293975830078,197.0800018310547
2022-11-08,137.42672729492188,63.849998474121094,89.9800033569336,88.29105377197266,122.08370971679688,95.87893676757812,222.89756774902344,14.584479331970215,72.8830337524414,191.3000030517578
2022-11-09,132.86553955078125,59.91999816894531,86.13999938964844,86.72186279296875,120.4955825805664,100.84829711914062,218.65133666992188,13.759468078613281,72.90231323242188,177.58999633789062
2022-11-10,144.6872100830078,68.47000122070312,96.62999725341797,93.2965316772461,125.45507049560547,111.18457794189453,236.63938903808594,15.731100082397461,74.35726165771484,190.72000122070312
2022-11-11,147.4751739501953,72.37000274658203,100.79000091552734,95.74961853027344,125.65941619873047,112.3275375366211,240.66160583496094,16.307409286499023,74.90648651123047,195.97000122070312
2022-11-14,146.0762481689453,73.52999877929688,98.48999786376953,95.04446411132812,124.36844635009766,113.52018737792969,235.24668884277344,16.275447845458984,75.66769409179688,190.9499969482422
2022-11-15,147.81007385253906,76.37000274658203,98.94000244140625,97.76570129394531,123.46757507324219,116.36266326904297,235.65573120117188,16.646005630493164,76.29400634765625,194.4199981689453
2022-11-16,146.5786895751953,72.69999694824219,97.12000274658203,98.17288970947266,123.63472747802734,112.53623962402344,236.08544921875,15.89090633392334,76.97811889648438,186.9199981689453
2022-11-17,148.48001098632812,73.9000015258789,94.8499984741211,97.68624877929688,123.0960693359375,110.76715087890625,236.03660583496094,15.658188819885254,76.31327056884766,183.1699981689453
2022-11-18,149.04150390625,73.56999969482422,94.13999938964844,96.76261138916016,124.3034439086914,111.36347961425781,235.5873565673828,15.390510559082031,76.82396697998047,180.19000244140625
2022-11-21,145.81028747558594,72.45999908447266,92.45999908447266,94.94515991210938,123.56970977783203,109.18689727783203,236.39796447753906,15.298619270324707,76.91067504882812,167.8699951171875
2022-11-22,147.94802856445312,75.25,93.19999694824219,96.3852310180664,125.41791534423828,110.75721740722656,239.30836486816406,16.018753051757812,79.12683868408203,169.91000366210938
2022-11-23,148.82481384277344,76.4000015258789,94.12999725341797,97.78556823730469,126.75531768798828,111.55231475830078,241.79884338378906,16.499176025390625,79.5508041381836,183.1999969482422
2022-11-25,145.90878295898438,75.13999938964844,93.41000366210938,96.79241180419922,126.99679565429688,110.72740173339844,241.7109375,16.250478744506836,79.70498657226562,182.86000061035156
2022-11-28,142.0766143798828,73.19000244140625,93.94999694824219,95.39207458496094,124.777099609375,108.11351776123047,236.11471557617188,15.80800724029541,78.42344665527344,182.9199981689453
2022-11-29,139.07192993164062,73.38999938964844,92.41999816894531,94.5379638671875,126.82962036132812,108.78934478759766,234.7181396484375,15.620232582092285,77.90312957763672,180.8300018310547
2022-11-30,145.8299560546875,77.62999725341797,96.54000091552734,100.29823303222656,128.33419799804688,117.37640380859375,249.18228149414062,16.90701675415039,80.00366973876953,194.6999969482422
2022-12-01,146.1058349609375,77.4800033569336,95.5,100.29823303222656,126.53245544433594,119.70206451416016,248.74282836914062,17.118812561035156,81.04430389404297,194.6999969482422
2022-12-02,145.6132354736328,74.9800033569336,94.12999725341797,99.75199890136719,125.52938079833984,122.7333755493164,249.06512451171875,16.86005973815918,80.31201171875,194.86000061035156
2022-12-05,144.45079040527344,73.62000274658203,91.01000213623047,98.79857635498047,122.00942993164062,121.67987060546875,244.357666015625,16.594310760498047,76.5348892211914,182.4499969482422
2022-12-06,140.78607177734375,70.2699966430664,88.25,96.3156967163086,122.21375274658203,113.4207992553711,239.3962860107422,15.971900939941406,76.03385162353516,179.82000732421875
2022-12-07,138.84536743164062,70.13999938964844,88.45999908447266,94.28968048095703,122.13015747070312,113.23194885253906,238.66380310058594,16.104774475097656,75.90857696533203,174.0399932861328
2022-12-08,140.52993774414062,70.47000122070312,90.3499984741211,93.06809997558594,123.4118423461914,114.62338256835938,241.62303161621094,17.15278434753418,77.15155792236328,173.44000244140625
2022-12-09,140.04722595214844,68.58999633789062,89.08999633789062,92.19412994384766,122.74311828613281,115.18988800048828,239.6892852783203,16.984939575195312,76.94920349121094,179.0500030517578
2022-12-12,142.3425750732422,70.66999816894531,90.55000305175781,92.67084503173828,124.64704895019531,114.00717163085938,246.6136932373047,17.51844024658203,78.31746673583984,167.82000732421875
2022-12-13,143.30801391601562,71.6500015258789,92.48999786376953,94.97494506835938,124.52632141113281,119.41385650634766,250.92079162597656,18.054933547973633,77.62371063232422,160.9499969482422
2022-12-14,141.0816192626953,68.93000030517578,91.58000183105469,94.41878509521484,123.90406799316406,120.84503173828125,251.21372985839844,17.657306671142578,78.8377685546875,156.8000030517578
2022-12-15,134.47134399414062,66.52999877929688,88.44999694824219,90.23762512207031,120.82991790771484,115.43836212158203,243.1954345703125,16.93598747253418,77.15155792236328,157.6699981689453
2022-12-16,132.5109100341797,65.41000366210938,87.86000061035156,89.6417236328125,120.07762908935547,118.6982650756836,238.97630310058594,16.555349349975586,76.67942810058594,150.22999572753906
2022-12-19,130.40269470214844,64.58999633789062,84.91999816894531,87.83419036865234,120.7927474975586,113.77859497070312,234.83534240722656,16.2386474609375,77.5658950805664,149.8699951171875
2022-12-20,130.333740234375,65.05000305175781,85.19000244140625,88.41022491455078,121.37788391113281,116.3725814819336,236.15380859375,16.06981086730957,77.98986053466797,137.8000030517578
2022-12-21,133.4369354248047,67.68000030517578,86.7699966430664,88.96639251708984,122.74311828613281,119.02622985839844,238.7223663330078,16.485416412353516,78.52943420410156,137.57000732421875
2022-12-22,130.26480102539062,63.86000061035156,83.79000091552734,87.15885925292969,121.35002136230469,116.40241241455078,232.62814331054688,15.324514389038086,77.5562515258789,125.3499984741211
2022-12-23,129.9002685546875,64.5199966430664,85.25,88.61878967285156,121.92583465576172,117.31678771972656,233.15550231933594,15.191637992858887,77.90312957763672,123.1500015258789
2022-12-27,128.09744262695312,63.27000045776367,83.04000091552734,86.79138946533203,122.35305786132812,116.16387939453125,231.4268341064453,14.107664108276367,78.02840423583984,109.0999984741211
2022-12-28,124.16677856445312,62.56999969482422,81.81999969482422,85.43077087402344,123.02176666259766,114.91160583496094,229.0535430908203,14.022743225097656,77.40209197998047,112.70999908447266
2022-12-29,127.6837158203125,64.81999969482422,84.18000030517578,87.84413146972656,123.72761535644531,119.5231704711914,235.38226318359375,14.589208602905273,78.43309783935547,121.81999969482422
2022-12-30,127.99898529052734,64.7699966430664,84.0,87.62564849853516,124.54487609863281,119.6026840209961,234.22003173828125,14.600198745727539,78.76069641113281,123.18000030517578
2023-01-03,123.2112045288086,64.0199966430664,85.81999969482422,88.50955200195312,125.4922103881836,123.9757308959961,233.9856414794922,14.30147933959961,80.66854095458984,108.0999984741211
2023-01-04,124.48204803466797,64.66000366210938,85.13999938964844,87.4766616821289,126.66244506835938,126.58961486816406,223.7503662109375,14.735068321228027,81.40082550048828,113.63999938964844
2023-01-05,123.16195678710938,62.33000183105469,83.12000274658203,85.60954284667969,126.63439178466797,126.16224670410156,217.118896484375,14.251527786254883,81.23700714111328,110.33999633789062
2023-01-06,127.69357299804688,63.959999084472656,86.08000183105469,86.7417221069336,129.0576171875,129.223388671875,219.677734375,14.844965934753418,82.537841796875,113.05999755859375
2023-01-09,128.21571350097656,67.23999786376953,87.36000061035156,87.41707611083984,128.52432250976562,128.67674255371094,221.8165740966797,15.613241195678711,83.58234405517578,119.7699966430664
2023-01-10,128.78707885742188,68.05000305175781,89.87000274658203,87.8143310546875,129.6750946044922,132.17520141601562,223.5062255859375,15.893974304199219,83.65973663330078,118.8499984741211
2023-01-11,131.5060577392578,69.05999755859375,95.08999633789062,90.89309692382812,130.63877868652344,132.07579040527344,230.2646026611328,15.98588752746582,85.69078063964844,123.22000122070312
2023-01-12,131.42723083496094,70.80000305175781,95.2699966430664,90.50577545166016,130.5078125,135.87237548828125,232.9405975341797,16.495403289794922,85.86487579345703,123.55999755859375
2023-01-13,132.75718688964844,71.0,98.12000274658203,91.4889907836914,133.80111694335938,136.14073181152344,233.643798828125,16.883039474487305,86.27107238769531,122.4000015258789
2023-01-17,133.91969299316406,71.58999633789062,96.05000305175781,90.66468048095703,131.73342895507812,134.53065490722656,234.7376708984375,17.68528175354004,85.69078063964844,131.49000549316406
2023-01-18,133.2005157470703,70.52999877929688,95.45999908447266,90.49584197998047,127.77583312988281,132.2050018310547,230.30368041992188,17.3605899810791,83.86283874511719,128.77999877929688
2023-01-19,133.25961303710938,67.70999908447266,93.68000030517578,92.4126205444336,126.07301330566406,135.31581115722656,226.51429748535156,16.749162673950195,83.11812591552734,127.16999816894531
2023-01-20,135.8209686279297,70.06999969482422,97.25,97.34857940673828,126.38175964355469,138.51608276367188,234.6107177734375,17.822153091430664,84.38510131835938,133.4199981689453
2023-01-23,139.01283264160156,76.52999877929688,97.5199966430664,99.10646057128906,128.43072509765625,142.39219665527344,236.91561889648438,19.17487335205078,86.04863739013672,143.75
2023-01-24,140.4116973876953,74.69999694824219,96.31999969482422,97.03077697753906,129.53475952148438,142.2629852294922,236.38821411132812,19.246807098388672,86.75464630126953,143.88999938964844
2023-01-25,139.7516632080078,74.91000366210938,97.18000030517578,94.56775665283203,130.16159057617188,140.63304138183594,234.99159240722656,19.304750442504883,86.6966323852539,144.42999267578125
2023-01-26,141.82044982910156,75.16000366210938,99.22000122070312,96.85199737548828,130.96624755859375,146.39752197265625,242.20904541015625,19.783294677734375,86.88038635253906,160.27000427246094
2023-01-27,143.7611846923828,75.4000015258789,102.23999786376953,98.6893310546875,131.2843475341797,150.81031799316406,242.3652801513672,20.34576416015625,86.06796264648438,177.89999389648438
2023-01-30,140.87472534179688,72.44999694824219,100.55000305175781,96.27597045898438,130.17098999023438,146.15899658203125,237.04257202148438,19.143901824951172,84.48181915283203,166.66000366210938
2023-01-31,142.14556884765625,75.1500015258789,103.12999725341797,98.1629638671875,130.94752502441406,148.0572509765625,242.02349853515625,19.518550872802734,85.55535888671875,173.22000122070312
2023-02-01,143.26856994628906,84.63999938964844,105.1500015258789,99.74207305908203,130.60133361816406,152.1818389892578,246.8480987548828,20.923219680786133,87.09317016601562,181.41000366210938
2023-02-02,148.5785369873047,88.30999755859375,112.91000366210938,107.00199890136719,129.99322509765625,187.61341857910156,258.42138671875,21.68849754333496,86.44515991210938,188.27000427246094
2023-02-03,152.2038116455078,86.08999633789062,103.38999938964844,104.06227111816406,132.0047607421875,185.38714599609375,252.31739807128906,21.0800724029541,86.67729187011719,189.97999572753906
2023-02-06,149.47500610351562,83.68000030517578,102.18000030517578,102.19515991210938,132.7813262939453,184.92002868652344,250.77426147460938,21.069082260131836,85.62306213378906,194.75999450683594
2023-02-07,152.3515625,85.91000366210938,102.11000061035156,106.9026870727539,134.39991760253906,190.44593811035156,261.3122863769531,22.15205955505371,84.85901641845703,196.80999755859375
2023-02-08,149.6621551513672,84.69000244140625,100.05000305175781,98.6893310546875,133.45497131347656,182.30613708496094,260.5016784667969,22.18402671813965,83.84349060058594,201.2899932861328
2023-02-09,148.6277313232422,83.20999908447266,98.23999786376953,94.35919952392578,131.37786865234375,176.8299102783203,257.46429443359375,22.31590461730957,83.80480194091797,207.32000732421875
2023-02-10,148.99282836914062,81.4800033569336,97.61000061035156,93.92221069335938,131.95797729492188,173.08297729492188,256.9563903808594,21.244915008544922,84.27870178222656,196.88999938964844
2023-02-13,151.79489135742188,83.12999725341797,99.54000091552734,93.9619369506836,133.38946533203125,178.33062744140625,264.9844970703125,21.767423629760742,86.48384094238281,194.63999938964844
2023-02-14,151.15357971191406,85.94999694824219,99.69999694824219,94.03145599365234,133.9788818359375,178.38034057617188,265.8146667480469,22.94930648803711,86.16468811035156,209.25
2023-02-15,153.25511169433594,85.18000030517578,101.16000366210938,96.27597045898438,134.54025268554688,176.07455444335938,263.6900329589844,22.742502212524414,85.4393081665039,214.24000549316406
2023-02-16,151.65676879882812,80.08000183105469,98.1500015258789,94.85577392578125,132.687744140625,171.38348388671875,256.669921875,21.981218338012695,84.83966827392578,202.0399932861328
2023-02-17,150.5122528076172,78.5,97.19999694824219,93.70372009277344,133.0807342529297,171.82077026367188,252.66537475585938,21.367799758911133,84.41411590576172,208.30999755859375
2023-02-21,146.49664306640625,76.7699966430664,94.58000183105469,91.1612548828125,130.63877868652344,171.02566528320312,247.38807678222656,20.63549041748047,83.36958312988281,197.3699951171875
2023-02-22,146.92086791992188,76.61000061035156,95.79000091552734,91.02222442626953,129.63766479492188,170.07156372070312,246.2523193359375,20.734397888183594,83.48562622070312,200.86000061035156
2023-02-23,147.40431213378906,79.75,95.81999969482422,90.26741027832031,130.67617797851562,170.9859161376953,249.44418334960938,23.64164924621582,85.67143249511719,202.07000732421875
2023-02-24,144.75027465820312,78.08999633789062,93.5,88.51947021484375,131.8550262451172,169.34605407714844,244.01019287109375,23.264007568359375,85.74881744384766,196.8800048828125
2023-02-27,145.944091796875,78.7699966430664,93.76000213623047,89.25440216064453,133.005859375,168.501220703125,244.9305419921875,23.478805541992188,85.07178497314453,207.6300048828125
2023-02-28,145.44094848632812,78.58000183105469,94.2300033569336,89.44310760498047,134.11923217773438,173.8681640625,244.2060089111328,23.194074630737305,84.53018188476562,205.7100067138672
2023-03-01,143.36895751953125,78.29000091552734,92.16999816894531,89.74105072021484,133.3707275390625,172.35748291015625,241.1218719482422,22.676563262939453,83.50497436523438,202.77000427246094
2023-03-02,143.96095275878906,80.44000244140625,92.12999725341797,91.36980438232422,131.986083984375,173.46066284179688,245.8606719970703,23.291976928710938,84.11430358886719,190.89999389648438
2023-03-03,149.0125732421875,81.5199966430664,94.9000015258789,93.00850677490234,134.4092559814453,184.11497497558594,249.95330810546875,23.8674373626709,86.31942749023438,197.7899932861328
2023-03-06,151.77517700195312,81.16000366210938,93.75,94.4783706665039,133.62335205078125,183.76712036132812,251.5002899169922,23.531753540039062,86.79334259033203,193.80999755859375
2023-03-07,149.574951171875,82.11000061035156,93.55000305175781,93.21707153320312,129.6938018798828,183.3795166015625,248.83712768554688,23.26995849609375,85.45865631103516,187.7100067138672
2023-03-08,150.82798767089844,85.37000274658203,93.91999816894531,93.60440063476562,128.9265899658203,183.83668518066406,248.3965606689453,24.16226577758789,85.58438110351562,182.0
2023-03-09,148.57843017578125,84.02999877929688,92.25,91.6876220703125,121.94697570800781,180.57679748535156,247.04537963867188,23.417842864990234,84.017578125,172.9199981689453
2023-03-10,146.51634216308594,82.66999816894531,90.7300033569336,90.00919342041016,125.04380798339844,178.41015625,243.39337158203125,22.94721031188965,81.30951690673828,173.44000244140625
2023-03-13,148.4600372314453,82.01000213623047,92.43000030517578,90.48590087890625,122.79837799072266,179.79164123535156,248.61192321777344,22.94820785522461,82.14127349853516,174.47999572753906
2023-03-14,150.55169677734375,87.44999694824219,94.87999725341797,93.3263168334961,125.95137786865234,192.83123779296875,255.33828735351562,24.044355392456055,81.7834243774414,183.25999450683594
2023-03-15,150.9464111328125,89.68000030517578,96.19999694824219,95.45165252685547,120.00092315673828,196.53839111328125,259.8910827636719,24.209228515625,80.25531768798828,180.4499969482422
2023-03-16,153.76817321777344,96.5999984741211,100.04000091552734,99.63282012939453,122.3305892944336,203.67440795898438,270.4261779785156,25.521211624145508,82.03489685058594,184.1300048828125
2023-03-17,152.92950439453125,97.83999633789062,98.94999694824219,100.92391967773438,117.70868682861328,194.41151428222656,273.588623046875,25.70507049560547,82.46044921875,180.1300048828125
2023-03-20,155.29745483398438,96.80999755859375,97.70999908447266,100.52665710449219,118.95304107666016,196.5980224609375,266.5391540527344,25.87993049621582,84.10462188720703,183.25
2023-03-21,157.15232849121094,95.93000030517578,100.61000061035156,104.20130920410156,122.14344024658203,200.92138671875,268.0567626953125,26.178701400756836,84.70426177978516,197.5800018310547
2023-03-22,155.72174072265625,97.58000183105469,98.69999694824219,102.66193389892578,118.99047088623047,198.5857696533203,266.5979309082031,26.447494506835938,85.01375579833984,191.14999389648438
2023-03-23,156.8070068359375,100.27999877929688,98.70999908447266,104.87665557861328,118.67234802246094,203.0283966064453,271.85565185546875,27.169933319091797,84.89769744873047,192.22000122070312
2023-03-24,158.10940551757812,97.94999694824219,98.12999725341797,104.71776580810547,116.86664581298828,204.74777221679688,274.70489501953125,26.758249282836914,85.12014770507812,190.41000366210938
2023-03-27,156.16567993164062,96.61000061035156,98.04000091552734,101.75817108154297,120.21611022949219,201.59719848632812,270.6024169921875,26.51044273376465,87.18020629882812,191.80999755859375
2023-03-28,155.54412841796875,94.55999755859375,97.23999786376953,100.33795928955078,120.58100891113281,199.45045471191406,269.4764709472656,26.38953971862793,86.89971923828125,189.19000244140625
2023-03-29,158.62245178222656,96.08999633789062,100.25,100.69548797607422,120.82424926757812,204.0918426513672,274.64605712890625,26.963092803955078,87.64445495605469,193.8800048828125
2023-03-30,160.19122314453125,97.87999725341797,102.0,100.19892120361328,120.45936584472656,206.5665740966797,278.1120300292969,27.361780166625977,87.53807067871094,195.27999877929688
2023-03-31,162.697265625,98.01000213623047,103.29000091552734,103.01946258544922,121.91890716552734,210.64146423339844,282.27325439453125,27.755477905273438,89.86892700195312,207.4600067138672
2023-04-03,163.95030212402344,96.55999755859375,102.41000366210938,103.6451416015625,121.77857208251953,211.76455688476562,281.2256774902344,27.94333267211914,90.83609008789062,194.77000427246094
2023-04-04,163.41754150390625,95.87000274658203,103.94999694824219,104.00267791748047,120.15061950683594,213.4044189453125,281.1766662597656,27.431730270385742,90.91346740722656,192.5800018310547
2023-04-05,161.572509765625,92.55999755859375,101.0999984741211,103.75439453125,120.32977294921875,210.1842803955078,278.3960266113281,26.86017608642578,91.77424621582031,185.52000427246094
2023-04-06,162.46047973632812,92.47000122070312,102.05999755859375,107.67733001708984,120.19776916503906,214.77598571777344,285.5042724609375,27.016054153442383,92.77042388916016,185.05999755859375
2023-04-10,159.86563110351562,95.4800033569336,102.16999816894531,105.71090698242188,120.59379577636719,213.43423461914062,283.3404846191406,27.557632446289062,91.06108093261719,184.50999450683594
2023-04-11,158.6520538330078,94.02999877929688,99.91999816894531,104.62836456298828,121.18787384033203,212.53977966308594,276.9176025390625,27.14794921875,91.26504516601562,186.7899932861328
2023-04-12,157.96139526367188,92.33000183105469,97.83000183105469,103.92322540283203,121.16899871826172,212.68882751464844,277.56378173828125,26.47447395324707,91.19705963134766,180.5399932861328
2023-04-13,163.3484649658203,92.08999633789062,102.4000015258789,106.69412231445312,121.63105010986328,218.9999237060547,283.7810363769531,26.44249725341797,92.79955291748047,185.89999389648438
2023-04-14,163.0031280517578,91.75,102.51000213623047,108.12425231933594,130.8153533935547,220.1329345703125,280.1583557128906,26.73726463317871,92.95494842529297,185.0
2023-04-17,163.02288818359375,89.87000274658203,102.73999786376953,105.24412536621094,131.85263061523438,217.51905822753906,282.76275634765625,26.981077194213867,92.83839416503906,187.0399932861328
2023-04-18,164.24632263183594,89.77999877929688,102.30000305175781,103.78418731689453,133.3330535888672,216.55499267578125,282.3417663574219,27.645565032958984,93.69308471679688,184.30999755859375
2023-04-19,165.39080810546875,89.94000244140625,104.30000305175781,103.46639251708984,133.163330078125,214.37841796875,282.42010498046875,27.909364700317383,93.05206298828125,180.58999633789062
2023-04-20,164.4239044189453,90.11000061035156,103.80999755859375,104.56877899169922,132.7766876220703,211.76455688476562,280.1289978027344,27.08300018310547,92.10028076171875,162.99000549316406
2023-04-21,162.81568908691406,88.43000030517578,106.95999908447266,104.68795776367188,132.52210998535156,211.58563232421875,279.78631591796875,27.097990036010742,92.41106414794922,165.0800018310547
2023-04-24,163.12152099609375,87.56999969482422,106.20999908447266,105.24412536621094,132.7012939453125,211.48623657226562,275.8797607421875,27.02104949951172,92.69271850585938,162.5500030517578
2023-04-25,161.58238220214844,83.80000305175781,102.56999969482422,103.13864135742188,129.81582641601562,206.27835083007812,269.6624755859375,26.220666885375977,91.3524398803711,160.6699981689453
2023-04-26,161.572509765625,85.94000244140625,104.9800033569336,102.99959564208984,127.51504516601562,208.11700439453125,289.1954345703125,26.935117721557617,91.01252746582031,153.75
2023-04-27,166.160400390625,87.44000244140625,109.81999969482422,106.85301971435547,129.2312469482422,237.09835815429688,298.45770263671875,27.204906463623047,92.30424499511719,160.19000244140625
2023-04-28,167.41343688964844,89.37000274658203,105.44999694824219,106.604736328125,130.35333251953125,238.8475799560547,300.8369140625,27.727500915527344,91.99345397949219,164.30999755859375
2023-05-01,167.3246307373047,89.69000244140625,102.05000305175781,106.4656982421875,133.14447021484375,241.6900634765625,299.1723937988281,28.887603759765625,92.13912963867188,161.8300018310547
2023-05-02,166.28866577148438,89.91000366210938,103.62999725341797,104.59857940673828,130.99453735351562,237.77420043945312,299.0255432128906,28.18814468383789,92.0711441040039,160.30999755859375
2023-05-03,165.2132110595703,81.62000274658203,103.6500015258789,104.68795776367188,128.22225952148438,235.57774353027344,298.0367431640625,27.780460357666016,92.05171203613281,160.61000061035156
2023-05-04,163.5753936767578,86.61000061035156,104.0,103.97289276123047,126.46835327148438,232.08924865722656,299.0255432128906,27.540647506713867,92.23625183105469,161.1999969482422
2023-05-05,171.25149536132812,89.83999633789062,105.66000366210938,104.84685516357422,128.9389190673828,231.35374450683594,304.15594482421875,28.657779693603516,94.17868041992188,170.05999755859375
2023-05-08,171.18240356445312,95.04000091552734,105.83000183105469,107.03177642822266,129.25010681152344,231.8407745361328,302.1978759765625,29.128416061401367,94.00387573242188,171.7899932861328
2023-05-09,169.4755401611328,95.05999755859375,106.62000274658203,106.61466217041016,128.62774658203125,231.9401397705078,300.58233642578125,28.54886245727539,93.37257385253906,169.14999389648438
2023-05-10,171.2415771484375,97.0199966430664,110.19000244140625,110.98452758789062,128.69374084472656,231.65191650390625,305.78131103515625,28.86262321472168,94.71285247802734,168.5399932861328
2023-05-11,171.42904663085938,97.0999984741211,112.18000030517578,115.77149963378906,128.28826904296875,234.3453369140625,303.6273193359375,28.555858612060547,94.63516235351562,172.0800018310547
2023-05-12,170.50033569335938,95.26000213623047,110.26000213623047,116.705078125,126.44949340820312,232.37745666503906,302.5111389160156,28.31804656982422,95.0333480834961,167.97999572753906
2023-05-15,170.00634765625,97.4000015258789,111.19999694824219,115.71192169189453,127.51504516601562,237.3965301513672,302.9909362792969,28.930566787719727,94.4603271484375,166.35000610351562
2023-05-16,170.00634765625,101.4800033569336,113.4000015258789,118.69137573242188,126.65699005126953,237.35679626464844,305.2232360839844,29.190366744995117,95.42183685302734,166.52000427246094
2023-05-17,170.61891174316406,103.75,115.5,120.01226806640625,130.5513458251953,241.0042724609375,308.10809326171875,30.15461540222168,96.89807891845703,173.86000061035156
2023-05-18,172.95057678222656,107.93000030517578,118.1500015258789,121.98863983154297,131.5414276123047,245.33758544921875,312.54327392578125,31.653453826904297,99.39408111572266,176.88999938964844
2023-05-19,173.0592803955078,105.81999969482422,116.25,121.91910552978516,131.23968505859375,244.13494873046875,312.36663818359375,31.239774703979492,99.87969970703125,180.13999938964844
2023-05-22,172.11077880859375,108.0,115.01000213623047,124.19342803955078,130.15530395507812,246.798583984375,315.1533203125,31.151844024658203,98.84050750732422,188.8699951171875
2023-05-23,169.50247192382812,108.12000274658203,114.98999786376953,121.7204818725586,128.79747009277344,245.22825622558594,309.344482421875,30.664222717285156,95.70348358154297,185.77000427246094
2023-05-24,169.7790985107422,108.2699966430664,116.75,120.07185363769531,127.61875915527344,247.68312072753906,307.96087646484375,30.51434326171875,95.48983001708984,182.89999389648438
2023-05-25,170.915283203125,120.3499984741211,115.0,122.63418579101562,127.929931640625,251.14178466796875,319.8044128417969,37.95057678222656,101.28797912597656,184.47000122070312
2023-05-26,173.3260498046875,127.02999877929688,120.11000061035156,123.7564468383789,129.1274871826172,260.4344787597656,326.64361572265625,38.91582489013672,101.08402252197266,193.1699981689453
2023-05-30,175.17356872558594,125.2699966430664,121.66000366210938,122.8228759765625,129.6178436279297,260.91156005859375,324.9951477050781,40.079925537109375,102.12321472167969,201.16000366210938
2023-05-31,175.12420654296875,118.20999908447266,120.58000183105469,122.02836608886719,127.96766662597656,263.09808349609375,322.2280578613281,37.8046875,102.8904800415039,203.92999267578125
2023-06-01,177.93016052246094,119.47000122070312,122.7699966430664,122.8725357055664,129.73098754882812,270.93975830078125,326.3394470214844,39.73918533325195,102.93902587890625,207.52000427246094
2023-06-02,178.77984619140625,117.86000061035156,124.25,123.81602478027344,132.45611572265625,270.93975830078125,329.10650634765625,39.29652786254883,102.84191131591797,213.97000122070312
2023-06-05,177.42625427246094,117.93000030517578,125.30000305175781,125.14685821533203,131.15481567382812,269.72723388671875,329.63641357421875,39.14065170288086,103.85197448730469,217.61000061035156
2023-06-06,177.06069946289062,124.2300033569336,126.61000061035156,126.43794250488281,131.3905792236328,269.4588623046875,327.4188232421875,38.62405014038086,104.01708221435547,221.30999755859375
2023-06-07,175.6873779296875,117.83000183105469,121.2300033569336,121.660888671875,132.66354370117188,261.9848937988281,317.3120422363281,37.449832916259766,102.22034454345703,224.57000732421875
2023-06-08,178.4044189453125,121.05000305175781,124.25,121.30335998535156,132.7012939453125,262.9589538574219,319.15679931640625,38.48414611816406,104.38613891601562,234.86000061035156
2023-06-09,178.7897186279297,124.91999816894531,123.43000030517578,121.39274597167969,132.9652862548828,263.3266906738281,320.6580810546875,38.74396896362305,106.68792724609375,244.39999389648438
2023-06-12,181.58578491210938,129.19000244140625,126.56999969482422,122.79307556152344,132.9558868408203,269.3892517089844,325.6231384277344,39.45549011230469,113.07852172851562,249.8300018310547
2023-06-13,181.1115264892578,124.52999877929688,126.66000366210938,122.98178100585938,133.9176788330078,269.6576843261719,328.0173645019531,40.99445724487305,113.32130432128906,258.7099914550781
2023-06-14,181.74386596679688,127.33000183105469,126.41999816894531,122.8228759765625,133.4178924560547,271.6752014160156,331.0101013183594,42.968143463134766,118.75039672851562,256.7900085449219
2023-06-15,183.77915954589844,124.23999786376953,127.11000061035156,124.233154296875,134.9266357421875,280.10321044921875,341.5682067871094,42.624366760253906,122.90721130371094,255.89999389648438
2023-06-16,182.7022247314453,120.08000183105469,125.48999786376953,122.68383026123047,135.08692932128906,279.2783203125,335.906494140625,42.66333770751953,121.84859466552734,260.5400085449219
2023-06-20,182.79110717773438,118.93000030517578,125.77999877929688,122.25676727294922,134.39859008789062,282.5879211425781,331.706787109375,43.778587341308594,118.52703094482422,274.45001220703125
2023-06-21,181.75375366210938,112.11000061035156,124.83000183105469,119.72425079345703,134.2005615234375,279.9143981933594,327.3010559082031,43.01609802246094,118.58531188964844,259.4599914550781
2023-06-22,184.75726318359375,110.69999694824219,130.14999389648438,122.30644989013672,131.6168975830078,283.13458251953125,333.335693359375,42.99610900878906,117.10907745361328,264.6099853515625
2023-06-23,184.44110107421875,110.01000213623047,129.3300018310547,121.50198364257812,130.92852783203125,286.96099853515625,328.733642578125,42.180660247802734,115.22490692138672,256.6000061035156
2023-06-26,183.0480499267578,107.51000213623047,127.33000183105469,117.52938079833984,131.24913024902344,276.7638244628906,322.4342041015625,40.6047248840332,113.41844177246094,241.0500030517578
2023-06-27,185.80455017089844,110.38999938964844,129.17999267578125,117.51946258544922,131.258544921875,285.2912292480469,328.2921447753906,41.84788513183594,114.44792938232422,250.2100067138672
2023-06-28,186.9803009033203,110.16999816894531,129.0399932861328,119.3567886352539,130.68336486816406,283.5420837402344,329.5480651855469,41.08939743041992,113.1756362915039,256.239990234375
2023-06-29,187.31619262695312,111.23999786376953,127.9000015258789,118.28417205810547,135.2472381591797,279.8050842285156,328.7630615234375,40.79458999633789,114.38965606689453,257.5
2023-06-30,191.64370727539062,113.91000366210938,130.36000061035156,118.88006591796875,137.142578125,285.2217102050781,334.15008544921875,42.27359390258789,115.66195678710938,261.7699890136719
2023-07-03,190.15179443359375,115.81999969482422,130.22000122070312,119.07870483398438,138.2458038330078,284.2675476074219,331.64788818359375,42.384525299072266,113.77779388427734,279.82000732421875
2023-07-05,189.03533935546875,113.94999694824219,130.3800048828125,120.91603088378906,137.3248748779297,292.56640625,331.8049011230469,42.28859329223633,112.6220474243164,282.4800109863281
2023-07-06,189.50955200195312,113.4800033569336,128.36000061035156,119.28726196289062,135.96719360351562,290.20098876953125,334.8663330078125,42.074737548828125,112.12672424316406,276.5400085449219
2023-07-07,188.39312744140625,113.16999816894531,129.77999877929688,118.66159057617188,137.04002380371094,288.74993896484375,330.8923645019531,42.474464416503906,111.31090545654297,274.42999267578125
2023-07-10,186.3479766845703,113.58000183105469,127.12999725341797,115.65232849121094,137.80908203125,292.2980651855469,325.603515625,42.15168380737305,111.08751678466797,269.6099853515625
2023-07-11,185.82431030273438,111.31999969482422,128.77999877929688,116.33760833740234,139.96429443359375,296.46240234375,326.23150634765625,42.376529693603516,111.96469116210938,269.7900085449219
2023-07-12,187.49404907226562,114.58000183105469,130.8000030517578,118.11534881591797,140.65736389160156,307.4447021484375,330.87274169921875,43.872520446777344,113.07574462890625,271.989990234375
2023-07-13,188.25479125976562,115.91999816894531,134.3000030517578,123.68692779541016,141.3409423828125,311.48980712890625,336.23028564453125,45.94613265991211,114.46947479248047,277.8999938964844
2023-07-14,188.4030303955078,115.94000244140625,134.67999267578125,124.5608901977539,142.1954345703125,306.9775695800781,338.7618408203125,45.4384765625,116.24327850341797,281.3800048828125
2023-07-17,191.66343688964844,118.31999969482422,133.55999755859375,123.7961654663086,145.62286376953125,308.7168273925781,339.24273681640625,46.42980194091797,115.87294006347656,290.3800048828125
2023-07-18,191.4065704345703,117.93000030517578,132.8300018310547,122.91226196289062,145.88870239257812,310.1380920410156,352.7445068359375,47.46211242675781,117.70520782470703,293.3399963378906
2023-07-19,192.76014709472656,116.43000030517578,135.36000061035156,121.1941146850586,146.4488525390625,314.0738525390625,348.417236328125,47.04539489746094,115.6780014038086,291.260009765625
2023-07-20,190.81375122070312,110.25,129.9600067138672,118.38349151611328,148.25274658203125,300.66650390625,340.361328125,45.48944091796875,112.9393081665039,262.8999938964844
2023-07-21,189.63803100585938,110.94999694824219,130.0,119.1978759765625,147.1134490966797,292.45709228515625,337.3194274902344,44.27925109863281,114.66439056396484,260.0199890136719
2023-07-24,190.4383087158203,110.61000061035156,128.8000030517578,120.69754791259766,150.0092010498047,289.82330322265625,338.63433837890625,44.582054138183594,115.07373046875,269.05999755859375
2023-07-25,191.2978973388672,113.0,129.1300048828125,121.37287902832031,148.88888549804688,292.6658020019531,344.3941955566406,45.64833450317383,114.95677947998047,265.2799987792969
2023-07-26,192.1673126220703,110.08999633789062,128.14999389648438,128.38450622558594,149.78131103515625,296.74072265625,331.4320373535156,45.42148208618164,112.56895446777344,264.3500061035156
2023-07-27,190.9026641845703,111.0999984741211,128.25,128.5136260986328,148.1293487548828,309.8001708984375,324.51434326171875,45.86918640136719,113.44611358642578,255.7100067138672
2023-07-28,193.4813995361328,112.95999908447266,132.2100067138672,131.67185974121094,148.97433471679688,323.4858093261719,332.0207824707031,46.71861267089844,113.0465087890625,266.44000244140625
2023-07-31,194.0939178466797,114.4000015258789,133.67999267578125,131.81088256835938,149.97122192382812,316.6479797363281,329.6167297363281,46.697628021240234,114.25505065917969,267.42999267578125
2023-08-01,193.26400756835938,117.5999984741211,131.69000244140625,130.64889526367188,149.2306671142578,320.7327575683594,330.0289001464844,46.475772857666016,114.91780853271484,261.07000732421875
2023-08-02,190.27035522460938,109.3499984741211,128.2100067138672,127.5006103515625,147.54067993164062,312.3842468261719,321.3547668457031,44.23927688598633,112.77361297607422,254.11000061035156
2023-08-03,188.8772735595703,113.1500015258789,128.91000366210938,127.57012176513672,148.44264221191406,311.2711181640625,320.530517578125,44.485111236572266,111.64306640625,259.32000732421875
2023-08-04,179.807373046875,115.81999969482422,139.57000732421875,127.23246002197266,148.1293487548828,308.826171875,321.6294860839844,44.650001525878906,111.53585815429688,253.86000061035156
2023-08-07,176.70501708984375,116.80999755859375,142.22000122070312,130.62904357910156,148.83189392089844,314.6203918457031,323.915771484375,45.386505126953125,113.15372467041016,251.4499969482422
2023-08-08,177.6436309814453,113.2300033569336,139.94000244140625,130.4999237060547,147.9964141845703,310.7244873046875,319.9319763183594,44.63401794433594,112.30581665039062,249.6999969482422
2023-08-09,176.0529327392578,110.47000122070312,137.85000610351562,128.7718505859375,146.01211547851562,303.3399963378906,316.18365478515625,42.525428771972656,110.22985076904297,242.19000244140625
2023-08-10,175.83558654785156,110.2300033569336,138.55999755859375,128.80165100097656,145.79373168945312,303.8667297363281,316.87054443359375,42.35954666137695,110.12265014648438,245.33999633789062
2023-08-11,175.8948974609375,107.56999969482422,138.41000366210938,128.67251586914062,146.6387481689453,299.7918395996094,314.986572265625,40.82756805419922,110.19087982177734,242.64999389648438
2023-08-14,177.54713439941406,111.9800033569336,140.57000732421875,130.43038940429688,146.9425506591797,304.3139953613281,317.9596862792969,43.72362518310547,112.6371841430664,239.75999450683594
2023-08-15,175.5585479736328,111.3499984741211,137.6699981689453,128.89102172851562,143.2018280029297,300.0999755859375,315.8205871582031,43.910499572753906,114.31352996826172,232.9600067138672
2023-08-16,174.6879425048828,107.19000244140625,135.07000732421875,127.81841278076172,142.59417724609375,292.4869079589844,315.0535888671875,43.456809997558594,112.41300201416016,225.60000610351562
2023-08-17,172.1453399658203,104.44000244140625,133.97999572753906,129.03005981445312,141.1130828857422,283.34326171875,311.59234619140625,43.31489562988281,111.96469116210938,219.22000122070312
2023-08-18,172.63009643554688,105.44999694824219,133.22000122070312,126.58690643310547,141.43588256835938,281.5145568847656,311.19903564453125,43.26992416381836,113.50459289550781,215.49000549316406
2023-08-21,173.96572875976562,108.22000122070312,134.67999267578125,127.49067687988281,141.92007446289062,288.123779296875,316.50897216796875,46.93546676635742,113.63128662109375,231.27999877929688
2023-08-22,175.34091186523438,105.66000366210938,134.25,128.19583129882812,138.97686767578125,285.837890625,317.0792541503906,45.63733673095703,113.58258056640625,233.19000244140625
2023-08-23,179.18943786621094,109.43000030517578,135.52000427246094,131.4633026123047,139.91677856445312,292.43719482421875,321.5434875488281,47.08436965942383,114.84956359863281,236.86000061035156
2023-08-24,174.49996948242188,101.80000305175781,131.83999633789062,128.89102172851562,139.7838592529297,284.9931335449219,314.6307373046875,47.1313362121582,110.044677734375,230.0399932861328
2023-08-25,176.70620727539062,102.25,133.25999450683594,128.9903564453125,139.6129913330078,283.7507629394531,317.590576171875,45.98710632324219,113.11473846435547,238.58999633789062
2023-08-28,178.26934814453125,102.61000061035156,133.13999938964844,130.1125946044922,140.09718322753906,288.48162841796875,318.2985534667969,46.80355453491211,113.87494659423828,238.82000732421875
2023-08-29,182.15745544433594,105.91999816894531,134.91000366210938,133.64822387695312,141.2364959716797,296.16424560546875,322.9299011230469,48.751243591308594,117.5882568359375,257.17999267578125
2023-08-30,185.6498260498047,106.58999633789062,135.07000732421875,134.9492645263672,140.6668701171875,293.2919616699219,323.3035583496094,49.23093032836914,118.04634094238281,256.8999938964844
2023-08-31,185.8674774169922,105.72000122070312,138.00999450683594,135.2372589111328,138.92941284179688,294.07708740234375,322.290771484375,49.32186508178711,117.3348617553711,258.0799865722656
2023-09-01,187.4405517578125,109.44999694824219,138.1199951171875,134.7307586669922,139.39462280273438,294.5640869140625,323.1758117675781,48.4764289855957,117.86116027832031,245.00999450683594
2023-09-05,187.677978515625,110.77999877929688,137.27000427246094,134.83999633789062,137.85653686523438,298.3110046386719,327.984130859375,48.515411376953125,120.83375549316406,256.489990234375
2023-09-06,180.96035766601562,109.27999877929688,135.36000061035156,133.5389862060547,137.6287078857422,297.3370056152344,327.3253479003906,47.03328323364258,121.17487335205078,251.9199981689453
2023-09-07,175.6673583984375,106.58999633789062,137.85000610351562,134.33349609375,136.4513702392578,296.8401184082031,324.4049377441406,46.21376037597656,121.91558074951172,251.49000549316406
2023-09-08,176.28076171875,106.08999633789062,138.22999572753906,135.44580078125,136.5558624267578,296.0648498535156,328.692138671875,45.5451545715332,123.11437225341797,248.5
2023-09-11,177.4481964111328,105.31999969482422,143.10000610351562,135.9821319580078,137.1539764404297,305.6756286621094,332.3009033203125,45.15139389038086,123.4944839477539,273.5799865722656
2023-09-12,174.4208221435547,105.30999755859375,141.22999572753906,134.41293334960938,138.93890380859375,299.811767578125,326.23382568359375,44.84356689453125,106.82843017578125,267.4800109863281
2023-09-13,172.3531036376953,107.70999908447266,144.85000610351562,135.77357482910156,139.00534057617188,303.19091796875,330.4522705078125,45.45820999145508,109.00182342529297,271.29998779296875
2023-09-14,173.86680603027344,106.62999725341797,144.72000122070312,137.154052734375,141.70169067382812,309.8100891113281,333.04827880859375,45.55415725708008,110.77565002441406,276.0400085449219
2023-09-15,173.14456176757812,101.48999786376953,140.38999938964844,136.4588165283203,141.28396606445312,298.4700012207031,324.709716796875,43.87413787841797,111.0193099975586,274.3900146484375
2023-09-18,176.072998046875,102.37000274658203,139.97999572753906,137.26327514648438,141.57827758789062,300.6963195800781,323.56915283203125,43.940101623535156,109.36244201660156,265.2799987792969
2023-09-19,177.1613006591797,101.61000061035156,137.6300048828125,137.0944366455078,141.3979034423828,303.2008972167969,323.16595458984375,43.494361877441406,109.90823364257812,266.5
2023-09-20,173.61947631835938,100.33999633789062,135.2899932861328,132.8238983154297,140.79977416992188,297.833984375,315.4174499511719,42.21411895751953,110.00569915771484,262.5899963378906
2023-09-21,172.07608032226562,96.11000061035156,129.3300018310547,129.5465087890625,139.6984405517578,293.9180908203125,314.1980895996094,40.992835998535156,106.65299987792969,255.6999969482422
2023-09-22,172.92689514160156,96.19999694824219,129.1199951171875,129.35780334472656,138.3597412109375,297.24755859375,311.7201843261719,41.58549118041992,106.26314544677734,244.8800048828125
2023-09-25,174.2031707763672,97.37999725341797,131.27000427246094,130.21192932128906,139.0433349609375,298.9867858886719,312.2413635253906,42.19712829589844,105.55168151855469,246.99000549316406
2023-09-26,170.1270751953125,95.95999908447266,125.9800033569336,127.68932342529297,137.60020446777344,297.1282653808594,306.9314880371094,41.88631057739258,102.21847534179688,244.1199951171875
2023-09-27,168.61338806152344,98.06999969482422,125.9800033569336,129.6458282470703,138.4072265625,295.915771484375,307.5705871582031,42.4429817199707,101.96504974365234,240.5
2023-09-28,168.87062072753906,102.76000213623047,125.9800033569336,131.40370178222656,140.12567138671875,302.09765625,308.40643310546875,43.06361770629883,103.45623016357422,246.3800048828125
2023-09-29,169.38511657714844,102.81999969482422,127.12000274658203,129.96363830566406,137.6856689453125,298.37066650390625,310.4812316894531,43.47337341308594,103.23206329345703,250.22000122070312
2023-10-02,171.8979949951172,103.2699966430664,129.4600067138672,133.25096130371094,136.49887084960938,304.94012451171875,316.4302673339844,44.75562286376953,104.00202178955078,251.60000610351562
2023-10-03,170.5623779296875,100.08000183105469,124.72000122070312,131.52284240722656,135.4924774169922,299.09619140625,308.1606140136719,43.49135971069336,101.86759948730469,246.52999877929688
2023-10-04,171.8089599609375,104.06999969482422,127.0,134.31362915039062,136.10012817382812,303.7077331542969,313.6376647949219,44.01506042480469,104.36262512207031,261.1600036621094
2023-10-05,173.04562377929688,102.91000366210938,125.95999908447266,134.14479064941406,136.67398071289062,302.9225769042969,314.0309143066406,44.661678314208984,105.60040283203125,260.04998779296875
2023-10-06,175.59814453125,107.23999786376953,127.95999908447266,136.63760375976562,138.7781524658203,313.49737548828125,321.7991638183594,45.73504638671875,107.16954040527344,260.5299987792969
2023-10-09,177.08213806152344,106.97000122070312,128.25999450683594,137.47183227539062,138.46250915527344,316.4093933105469,324.3164367675781,45.246337890625,107.52041625976562,259.6700134277344
2023-10-10,176.488525390625,109.01000213623047,129.47999572753906,137.1143035888672,139.3041534423828,319.8681335449219,322.9102783203125,45.771018981933594,106.92588806152344,263.6199951171875
2023-10-11,177.88351440429688,108.30999755859375,131.8300018310547,139.58726501464844,139.78236389160156,325.81146240234375,326.8730163574219,46.7784309387207,107.24869537353516,262.989990234375
2023-10-12,178.78384399414062,108.79000091552734,132.3300018310547,138.01808166503906,139.4571990966797,322.1738586425781,325.63409423828125,46.91734313964844,106.7302474975586,258.8699951171875
2023-10-13,176.9436492919922,105.08999633789062,129.7899932861328,136.4191131591797,141.55177307128906,312.76190185546875,322.26129150390625,45.4342155456543,105.88899230957031,251.1199951171875
2023-10-16,176.8150177001953,106.45999908447266,132.5500030517578,138.14718627929688,141.40830993652344,319.1823425292969,327.08941650390625,46.06785202026367,106.33897399902344,253.9199981689453
2023-10-17,175.26177978515625,105.13999938964844,131.47000122070312,138.762939453125,141.1022491455078,322.014892578125,326.51898193359375,43.91211700439453,106.6617660522461,254.85000610351562
2023-10-18,173.96572875976562,102.16999816894531,128.1300048828125,137.01499938964844,139.55284118652344,315.0279541015625,324.60162353515625,42.171146392822266,105.88899230957031,242.67999267578125
2023-10-19,173.58978271484375,102.4000015258789,128.39999389648438,136.8064422607422,138.95986938476562,310.8934020996094,325.7913818359375,42.07620620727539,105.97704315185547,220.11000061035156
2023-10-20,171.03729248046875,101.80999755859375,125.16999816894531,134.6711883544922,136.7218017578125,306.7589111328125,321.2189636230469,41.36262130737305,99.62859344482422,211.99000549316406
2023-10-23,171.15599060058594,100.01000213623047,126.55999755859375,135.5649871826172,134.85678100585938,312.0860595703125,323.8247985839844,42.94968795776367,101.39911651611328,212.0800018310547
2023-10-24,171.59130859375,101.66999816894531,128.55999755859375,137.85916137695312,135.01931762695312,310.6350402832031,325.01458740234375,43.63727569580078,100.94912719726562,216.52000427246094
2023-10-25,169.2762451171875,96.05999755859375,121.38999938964844,124.74958038330078,134.28289794921875,297.6947937011719,334.9853820800781,41.75439453125,99.21775817871094,212.4199981689453
2023-10-26,165.11111450195312,93.66999816894531,119.56999969482422,121.44239044189453,134.62721252441406,286.58331298828125,322.418701171875,40.30224609375,98.21021270751953,205.75999450683594
2023-10-27,166.4269561767578,96.43000030517578,127.73999786376953,121.3331527709961,129.77809143066406,294.9119567871094,324.30657958984375,40.47614669799805,98.78734588623047,207.3000030517578
2023-10-30,168.47488403320312,96.18000030517578,132.7100067138672,123.60746002197266,131.43275451660156,300.8056335449219,331.6814270019531,41.13675308227539,99.4329605102539,197.36000061035156
2023-10-31,168.9497528076172,98.5,133.08999633789062,123.23007202148438,133.00128173828125,299.42413330078125,332.46807861328125,40.7559814453125,101.14478302001953,200.83999633789062
2023-11-01,172.1156768798828,108.04000091552734,137.0,125.58384704589844,132.8865203857422,309.9393005371094,340.2952575683594,42.30007553100586,103.44351959228516,205.66000366210938
2023-11-02,175.67730712890625,107.83000183105469,138.07000732421875,126.61671447753906,135.2584686279297,308.9653625488281,342.5076904296875,43.48037338256836,104.53910064697266,218.50999450683594
2023-11-03,174.76707458496094,112.25,138.60000610351562,128.21568298339844,136.76962280273438,312.6724548339844,346.9129638671875,44.97848892211914,105.69337463378906,219.9600067138672
2023-11-06,177.31956481933594,111.75,139.74000549316406,129.35780334472656,137.80258178710938,313.8651123046875,350.5807189941406,45.72404861450195,106.7302474975586,219.27000427246094
2023-11-07,179.88197326660156,113.44999694824219,142.7100067138672,130.07286071777344,137.73561096191406,316.8666076660156,354.5139465332031,45.92793273925781,106.61286163330078,222.17999267578125
2023-11-08,180.94056701660156,113.58999633789062,142.0800018310547,130.93690490722656,138.4146728515625,317.82073974609375,357.13946533203125,46.54656982421875,109.88002014160156,222.11000061035156
2023-11-09,180.4656982421875,113.48999786376953,140.60000610351562,129.347900390625,138.00341796875,318.5859680175781,354.67132568359375,46.922340393066406,109.7332992553711,209.97999572753906
2023-11-10,184.65611267089844,118.58999633789062,143.55999755859375,131.68177795410156,140.05018615722656,326.7556457519531,363.5014343261719,48.30652618408203,110.60386657714844,214.64999389648438
2023-11-13,183.0710906982422,116.79000091552734,142.58999633789062,131.18519592285156,139.42849731445312,327.1730651855469,360.5613098144531,48.59135818481445,111.66032409667969,223.7100067138672
2023-11-14,185.68638610839844,119.87999725341797,145.8000030517578,132.7047119140625,141.97259521484375,334.2493896484375,364.0914001464844,49.626747131347656,113.56779479980469,237.41000366210938
2023-11-15,186.25103759765625,118.0,143.1999969482422,133.69786071777344,143.21595764160156,330.6715087890625,364.2392578125,48.85920333862305,111.57228088378906,242.83999633789062
2023-11-16,187.9351806640625,119.83000183105469,142.8300018310547,135.99205017089844,144.85147094726562,332.1424255371094,370.64373779296875,49.45085906982422,112.16897583007812,233.58999633789062
2023-11-17,187.9153289794922,120.62000274658203,145.17999267578125,134.38314819335938,146.1617889404297,332.98724365234375,364.4165954589844,49.26896667480469,112.84392547607422,234.3000030517578
2023-11-20,189.6588897705078,121.52999877929688,146.1300048828125,135.3166961669922,146.6112823486328,337.88702392578125,371.89508056640625,50.37930679321289,114.36991119384766,235.60000610351562
2023-11-21,188.85647583007812,119.16000366210938,143.89999389648438,136.03176879882812,146.30523681640625,334.91534423828125,367.58929443359375,49.91457748413086,113.54822540283203,241.1999969482422
2023-11-22,189.5201873779297,122.51000213623047,146.7100067138672,137.54136657714844,146.64956665039062,339.397705078125,372.299072265625,48.68729782104492,113.70474243164062,234.2100067138672
2023-11-24,188.19273376464844,122.30999755859375,146.74000549316406,135.75369262695312,146.85040283203125,336.15771484375,371.88525390625,47.747859954833984,113.71451568603516,235.4499969482422
2023-11-27,188.014404296875,122.6500015258789,147.72999572753906,135.4756317138672,146.51565551757812,332.64935302734375,373.0479431152344,48.21358108520508,113.92972564697266,236.0800018310547
2023-11-28,188.6186981201172,122.01000213623047,147.02999877929688,136.2601776123047,146.85040283203125,336.9130554199219,377.07781982421875,47.79283142089844,113.70474243164062,246.72000122070312
2023-11-29,187.5983428955078,123.8499984741211,146.32000732421875,134.06533813476562,147.59642028808594,330.1646728515625,373.28436279296875,48.11164855957031,113.67539978027344,244.13999938964844
2023-11-30,188.1728973388672,121.16000366210938,146.08999633789062,131.6221923828125,149.2797393798828,325.1455993652344,373.343505859375,46.74245071411133,113.67539978027344,240.0800018310547
2023-12-01,189.45083618164062,121.38999938964844,147.02999877929688,130.956787109375,150.00660705566406,322.8298645019531,369.0081787109375,46.73745346069336,114.60467529296875,238.8300018310547
2023-12-04,187.6577606201172,118.56999969482422,144.83999633789062,128.38450622558594,151.10653686523438,318.05926513671875,363.7170104980469,45.483192443847656,113.25476837158203,235.5800018310547
2023-12-05,191.6104278564453,118.37999725341797,146.8800048828125,130.09275817871094,151.08740234375,316.33990478515625,367.0473327636719,46.542667388916016,112.03204345703125,238.72000122070312
2023-12-06,190.52073669433594,116.81999969482422,144.52000427246094,129.12937927246094,149.4997100830078,315.5050354003906,363.38201904296875,45.48019790649414,109.58655548095703,239.3699951171875
2023-12-07,192.45249938964844,128.3699951171875,146.8800048828125,135.99205017089844,149.95880126953125,324.5890197753906,365.50042724609375,46.57265090942383,110.40824127197266,242.63999938964844
2023-12-08,193.87904357910156,128.9199981689453,147.4199981689453,134.06533813476562,151.61343383789062,330.7112731933594,368.73223876953125,47.4821891784668,111.1321029663086,243.83999633789062
2023-12-11,191.3726806640625,134.41000366210938,145.88999938964844,132.37696838378906,152.1681671142578,323.2869873046875,365.8453369140625,46.60363006591797,112.61894989013672,239.74000549316406
2023-12-12,192.8883819580078,137.61000061035156,147.47999572753906,131.6122589111328,153.5262908935547,332.1722717285156,368.8800354003906,47.633113861083984,98.61127471923828,237.00999450683594
2023-12-13,196.1079559326172,138.19000244140625,148.83999633789062,131.6619110107422,154.04275512695312,332.6890563964844,368.87017822265625,48.06390380859375,100.74371337890625,239.2899932861328
2023-12-14,196.25657653808594,138.0,147.4199981689453,131.03623962402344,156.84512329101562,331.1286926269531,360.55419921875,48.325767517089844,98.12217712402344,251.0500030517578
2023-12-15,195.72161865234375,139.14999389648438,149.97000122070312,131.6917266845703,158.0310516357422,332.8680114746094,365.28369140625,48.86549758911133,101.0665283203125,253.5
2023-12-18,194.05735778808594,138.89999389648438,154.07000732421875,134.8697967529297,158.98748779296875,342.5085144042969,367.17547607421875,50.051902770996094,102.70988464355469,252.0800018310547
2023-12-19,195.09750366210938,140.14999389648438,153.7899932861328,135.71397399902344,161.1107940673828,348.2134094238281,367.7765197753906,49.57913589477539,103.93263244628906,257.2200012207031
2023-12-20,193.0072479248047,135.47000122070312,152.1199951171875,137.3923797607422,159.2935791015625,347.1400146484375,365.1752624511719,48.086883544921875,101.87843322753906,247.13999938964844
2023-12-21,192.85865783691406,139.91000366210938,153.83999633789062,139.45814514160156,160.20217895507812,351.92047119140625,368.0523681640625,48.96544647216797,103.55113220214844,254.5
2023-12-22,191.78878784179688,139.60000610351562,153.4199981689453,140.52084350585938,160.1065216064453,351.224853515625,369.0771179199219,48.8055305480957,103.88371276855469,252.5399932861328
2023-12-26,191.243896484375,143.41000366210938,153.41000366210938,140.5506134033203,161.0533905029297,352.65594482421875,369.15594482421875,49.25429916381836,103.87393951416016,256.6099853515625
2023-12-27,191.3429718017578,146.07000732421875,153.33999633789062,139.40846252441406,162.0193634033203,355.6376037597656,368.5746154785156,49.39223861694336,103.62937927246094,261.44000244140625
2023-12-28,191.76893615722656,148.75999450683594,153.3800048828125,139.2694549560547,162.8801727294922,356.1246337890625,369.766845703125,49.4971809387207,103.93263244628906,253.17999267578125
2023-12-29,190.728759765625,147.41000366210938,151.94000244140625,138.73313903808594,162.68890380859375,351.79132080078125,370.5156555175781,49.4971809387207,103.1305160522461,248.47999572753906
2024-01-02,183.90322875976562,138.5800018310547,149.92999267578125,137.2235565185547,164.5826416015625,344.1683349609375,365.421630859375,48.143856048583984,101.79039001464844,248.4199981689453
2024-01-03,182.5262451171875,135.32000732421875,148.47000122070312,137.9684295654297,163.86529541015625,342.3594665527344,365.1555480957031,47.5451545715332,100.22528076171875,238.4499969482422
2024-01-04,180.20809936523438,136.00999450683594,144.57000732421875,135.45571899414062,164.9527587890625,344.99322509765625,362.53466796875,47.97394561767578,100.35244750976562,237.92999267578125
2024-01-05,179.48497009277344,138.5800018310547,145.24000549316406,134.8002471923828,165.7803497314453,349.7936096191406,362.34747314453125,49.072391510009766,100.48941040039062,237.49000549316406
2024-01-08,183.823974609375,146.17999267578125,149.10000610351562,137.8889617919922,165.53976440429688,356.4624938964844,369.1854553222656,52.226806640625,102.3773193359375,240.4499969482422
2024-01-09,183.40792846679688,149.25999450683594,151.3699951171875,139.98452758789062,164.2310028076172,355.2400207519531,370.2693176269531,53.11336898803711,101.3697738647461,234.9600067138672
2024-01-10,184.44808959960938,148.5399932861328,153.72999572753906,141.30538940429688,164.5774383544922,368.2001647949219,377.14678955078125,54.32276153564453,102.0473403930664,233.94000244140625
2024-01-11,183.8536834716797,148.02000427246094,155.17999267578125,141.10675048828125,163.88455200195312,367.4050598144531,378.9794616699219,54.79452133178711,102.88201904296875,227.22000122070312
2024-01-12,184.1806182861328,146.55999755859375,154.6199951171875,141.67288208007812,162.68162536621094,372.1954650878906,382.7630920410156,54.682579040527344,104.67903900146484,218.88999938964844
2024-01-16,181.91204833984375,158.74000549316406,153.16000366210938,141.5139923095703,161.66159057617188,365.20855712890625,384.53662109375,56.35374450683594,104.64957427978516,219.91000366210938
2024-01-17,180.9709014892578,160.1699981689453,151.7100067138672,140.50096130371094,160.79547119140625,366.1130065917969,383.74835205078125,56.02490997314453,104.5121078491211,215.5500030517578
2024-01-18,186.8652801513672,162.6699981689453,153.5,142.4971923828125,161.113037109375,373.8254699707031,388.08367919921875,57.0783805847168,106.7411880493164,211.8800048828125
2024-01-19,189.76783752441406,174.22999572753906,155.33999633789062,145.37730407714844,163.89418029785156,381.10064697265625,392.813232421875,59.461185455322266,107.69371032714844,212.19000244140625
2024-01-22,192.07603454589844,168.17999267578125,154.77999877929688,144.989990234375,163.70172119140625,379.44085693359375,390.6849670410156,59.62410354614258,108.11595916748047,208.8000030517578
2024-01-23,193.35397338867188,168.4199981689453,156.02000427246094,146.03280639648438,162.62391662597656,382.8399353027344,393.03985595703125,59.842994689941406,109.8147964477539,209.13999938964844
2024-01-24,192.6803436279297,178.2899932861328,156.8699951171875,147.68142700195312,164.0770263671875,388.30621337890625,396.6460876464844,61.33124542236328,112.2500991821289,207.8300018310547
2024-01-25,192.35342407226562,180.3300018310547,157.75,150.82968139648438,166.4251251220703,390.77099609375,398.9220886230469,61.586124420166016,112.92766571044922,182.6300048828125
2024-01-26,190.6197967529297,177.25,159.1199951171875,151.14752197265625,165.7899627685547,391.72515869140625,397.9959411621094,61.00041198730469,112.57415771484375,183.25
2024-01-29,189.93624877929688,177.8300018310547,161.25999450683594,152.45846557617188,166.22300720214844,398.56292724609375,403.70086669921875,62.43368911743164,111.7001953125,190.92999267578125
2024-01-30,186.28076171875,172.05999755859375,159.0,150.42251586914062,169.62966918945312,397.60882568359375,402.5874328613281,62.74253845214844,112.10281372070312,191.58999633789062
2024-01-31,182.67483520507812,167.69000244140625,155.1999969482422,139.14035034179688,167.79159545898438,387.7496643066406,391.7392272949219,61.49616622924805,109.68714141845703,187.2899932861328
2024-02-01,185.11180114746094,170.47999572753906,159.27999877929688,140.1930694580078,167.1853485107422,392.3612365722656,397.84814453125,62.99541473388672,113.44811248779297,188.86000061035156
2024-02-02,184.1112823486328,177.66000366210938,171.80999755859375,141.40472412109375,168.14767456054688,472.07977294921875,405.1788635253906,66.12684631347656,113.70342254638672,187.91000366210938
2024-02-05,185.9241485595703,174.22999572753906,170.30999755859375,142.69581604003906,167.9263153076172,456.5952453613281,399.6906433105469,69.29725646972656,114.29261779785156,181.05999755859375
2024-02-06,187.5290069580078,167.8800048828125,169.14999389648438,143.11294555664062,168.5037384033203,451.9339904785156,399.5330505371094,68.18881225585938,113.2222671508789,185.10000610351562
2024-02-07,187.63795471191406,170.94000244140625,170.52999877929688,144.54307556152344,168.8212890625,466.7128601074219,407.96728515625,70.0638656616211,115.15676879882812,187.5800018310547
2024-02-08,186.55816650390625,169.35000610351562,169.83999633789062,144.91053771972656,168.2150421142578,467.12030029296875,408.0263671875,69.60609436035156,114.577392578125,189.55999755859375
2024-02-09,187.32191467285156,172.47999572753906,174.4499969482422,147.9793701171875,168.41709899902344,465.2419128417969,414.3717956542969,72.09686279296875,114.53812408447266,193.57000732421875
2024-02-12,185.63568115234375,171.91000366210938,172.33999633789062,146.51942443847656,169.16773986816406,466.0271301269531,409.15948486328125,72.2117919921875,113.75251770019531,188.1300048828125
2024-02-13,183.54275512695312,171.5399932861328,168.63999938964844,144.14581298828125,167.69537353515625,457.30084228515625,400.350830078125,72.09185791015625,111.63145446777344,184.02000427246094
2024-02-14,182.65994262695312,178.6999969482422,170.97999572753906,144.94032287597656,169.39869689941406,470.3802185058594,404.2203369140625,73.86297607421875,112.20098876953125,188.7100067138672
2024-02-15,182.37232971191406,176.75999450683594,169.8000030517578,141.79205322265625,173.0940399169922,481.0643615722656,401.32806396484375,72.62157440185547,110.74766540527344,200.4499969482422
2024-02-16,180.83485412597656,173.8699951171875,169.50999450683594,139.55746459960938,172.28567504882812,470.41998291015625,398.8602600097656,72.57660675048828,109.30416107177734,199.9499969482422
2024-02-20,180.09091186523438,165.69000244140625,167.0800018310547,140.15333557128906,172.9593048095703,468.859619140625,397.60662841796875,69.41719055175781,106.49569702148438,193.75999450683594
2024-02-21,180.84475708007812,164.2899932861328,168.58999633789062,141.57354736328125,174.08523559570312,465.65594482421875,397.0044250488281,67.43819427490234,106.21092987060547,194.77000427246094
2024-02-22,182.87815856933594,181.86000061035156,174.5800018310547,143.1029815673828,176.17352294921875,483.6641845703125,406.3525695800781,78.49864196777344,109.00956726074219,197.41000366210938
2024-02-23,181.04315185546875,176.52000427246094,174.99000549316406,142.9739227294922,177.058837890625,481.5747985839844,405.0594177246094,78.77750396728516,109.93262481689453,191.97000122070312
2024-02-26,179.69415283203125,176.00999450683594,174.72999572753906,136.62767028808594,176.4525604248047,479.29638671875,402.2955017089844,79.0523681640625,108.97029876708984,199.39999389648438
2024-02-27,181.1522674560547,178.0,173.5399932861328,137.92869567871094,176.53919982910156,484.5794677734375,402.2362365722656,78.66155242919922,109.3729019165039,199.72999572753906
2024-02-28,179.95204162597656,176.5399932861328,173.16000366210938,135.44580078125,177.4341583251953,481.5648498535156,402.4731750488281,77.62407684326172,109.6675033569336,202.0399932861328
2024-02-29,179.28746032714844,192.52999877929688,176.75999450683594,137.51158142089844,179.05087280273438,487.6438293457031,408.3169860839844,79.07235717773438,109.6675033569336,201.8800048828125
2024-03-01,178.20626831054688,202.63999938964844,178.22000122070312,136.2006072998047,178.3098602294922,499.7521057128906,410.153076171875,82.23775482177734,111.72965240478516,202.63999938964844
2024-03-04,173.68319702148438,205.36000061035156,177.5800018310547,132.4365997314453,179.6475067138672,495.6629943847656,409.5805358886719,85.19427490234375,112.00459289550781,188.13999938964844
2024-03-05,168.7434844970703,205.1300048828125,174.1199951171875,131.76121520996094,181.4470672607422,487.7333679199219,397.4684143066406,85.9249496459961,108.94083404541016,180.74000549316406
2024-03-06,167.75155639648438,210.6300048828125,173.50999450683594,130.4999237060547,182.39015197753906,493.5736083984375,396.9156188964844,88.65970611572266,110.24686431884766,176.5399932861328
2024-03-07,167.632568359375,211.3800048828125,176.82000732421875,133.4595184326172,180.79266357421875,509.59197998046875,403.8748779296875,92.62689971923828,112.47595977783203,178.64999389648438
2024-03-08,169.34852600097656,207.38999938964844,175.35000610351562,134.4824676513672,181.12950134277344,503.3836364746094,400.9924621582031,87.48823547363281,110.3941650390625,175.33999633789062
2024-03-11,171.35220336914062,198.38999938964844,171.9600067138672,136.72698974609375,181.1968536376953,481.1369934082031,399.3143310546875,85.73503112792969,112.0733413696289,177.77000427246094
2024-03-12,171.82830810546875,202.75999450683594,175.38999938964844,137.55126953125,182.68846130371094,497.2150573730469,409.9359130859375,91.87125396728516,125.24169158935547,177.5399932861328
2024-03-13,169.74533081054688,194.7899932861328,176.55999755859375,138.83245849609375,184.17047119140625,493.0562438964844,409.7581787109375,90.84671020507812,123.25808715820312,169.47999572753906
2024-03-14,171.6001739501953,187.05999755859375,178.75,142.1197967529297,180.88890075683594,489.3352355957031,419.74798583984375,87.90404510498047,123.2679214477539,162.5
2024-03-15,171.22323608398438,191.05999755859375,174.4199981689453,140.2129364013672,183.13111877441406,481.6444396972656,411.06121826171875,87.7970962524414,123.2777328491211,163.57000732421875
2024-03-18,172.3143310546875,190.64999389648438,174.47999572753906,146.6683807373047,185.40220642089844,494.4590759277344,411.94964599609375,88.4148178100586,125.49700927734375,173.8000030517578
2024-03-19,174.65525817871094,181.4199981689453,175.89999389648438,146.02285766601562,186.4896697998047,493.7228698730469,415.9869689941406,89.35739135742188,126.86197662353516,171.32000732421875
2024-03-20,177.2242889404297,179.72999572753906,178.14999389648438,147.72116088867188,188.93397521972656,502.9557800292969,419.7578430175781,90.33094787597656,126.91106414794922,175.66000366210938
2024-03-21,169.9833526611328,178.67999267578125,178.14999389648438,146.58895874023438,191.56112670898438,505.1844482421875,423.84454345703125,91.39346313476562,126.6852035522461,172.82000732421875
2024-03-22,170.88600158691406,179.64999389648438,178.8699951171875,149.73724365234375,189.21302795410156,506.9951477050781,423.2226867675781,94.24616241455078,125.4872055053711,170.8300018310547
2024-03-25,169.46755981445312,178.6300048828125,179.7100067138672,149.04205322265625,187.4808807373047,500.4684753417969,417.4183349609375,94.95883178710938,123.8080062866211,172.6300048828125
2024-03-26,168.33680725097656,177.8699951171875,178.3000030517578,149.637939453125,188.35655212402344,493.3746337890625,416.2239074707031,92.5189437866211,124.19097900390625,177.6699981689453
2024-03-27,171.9076690673828,179.58999633789062,179.8300018310547,149.83656311035156,192.00379943847656,491.3549499511719,416.0067138671875,90.20899963378906,123.01260375976562,179.8300018310547
2024-03-28,170.09246826171875,180.49000549316406,180.3800048828125,149.89613342285156,192.75442504882812,483.116943359375,415.3058776855469,90.31495666503906,123.34648132324219,175.7899932861328
2024-04-01,168.65420532226562,183.33999633789062,180.97000122070312,154.42494201660156,191.44566345214844,488.8576965332031,419.1063232421875,90.32194519042969,123.21881866455078,175.22000122070312
2024-04-02,167.4738311767578,178.6999969482422,180.69000244140625,153.50128173828125,191.36865234375,494.84710693359375,416.0166320800781,89.41136169433594,122.09934997558594,166.6300048828125
2024-04-03,168.2772674560547,180.77000427246094,182.41000366210938,153.8588104248047,190.82977294921875,504.1695861816406,415.039306640625,88.923583984375,123.96513366699219,168.3800048828125
2024-04-04,167.45401000976562,165.8300018310547,180.0,149.49888610839844,189.37782287597656,508.3283996582031,412.5024108886719,85.865966796875,121.95206451416016,171.11000061035156
2024-04-05,168.2078399658203,170.4199981689453,185.07000732421875,151.45538330078125,191.12014770507812,524.6651611328125,420.0440979003906,87.968017578125,122.64927673339844,164.89999389648438
2024-04-08,167.0869598388672,169.89999389648438,185.19000244140625,153.789306640625,192.11712646484375,516.6162109375,419.1260681152344,87.09341430664062,122.10917663574219,172.97999572753906
2024-04-09,168.29708862304688,170.77999877929688,185.6699981689453,155.52732849121094,190.8297576904297,514.278076171875,420.7942810058594,85.3152084350586,121.3998794555664,176.8800048828125
2024-04-10,166.42239379882812,167.13999938964844,185.9499969482422,155.07046508789062,189.20359802246094,517.1932373046875,417.8132019042969,86.99945831298828,119.94185638427734,171.75999450683594
2024-04-11,173.6236572265625,170.5,189.0500030517578,158.3180694580078,189.16488647460938,520.5062866210938,422.4230651855469,90.57483673095703,121.40972137451172,174.60000610351562
2024-04-12,175.12144470214844,163.27999877929688,186.1300048828125,156.6495819091797,176.93011474609375,509.30340576171875,416.47064208984375,88.14594268798828,119.31135559082031,171.0500030517578
2024-04-15,171.29269409179688,160.32000732421875,183.6199951171875,153.79922485351562,177.0269317626953,497.6926574707031,408.3169860839844,85.96192932128906,118.09961700439453,161.47999572753906
2024-04-16,168.00946044921875,163.4600067138672,183.32000732421875,153.34237670898438,175.00392150878906,497.22503662109375,409.244873046875,87.37528991699219,118.8286361694336,157.11000061035156
2024-04-17,166.640625,154.02000427246094,181.27999877929688,154.40504455566406,174.30697631835938,491.66339111328125,406.5401306152344,83.996826171875,116.90758514404297,155.4499969482422
2024-04-18,165.68838500976562,155.0800018310547,179.22000122070312,154.94134521484375,175.4394989013672,499.254638671875,399.0675354003906,84.63253021240234,114.27725219726562,149.92999267578125
2024-04-19,163.66493225097656,146.63999938964844,174.6300048828125,153.0345001220703,179.8436279296875,478.62982177734375,393.98382568359375,76.16539001464844,113.17387390136719,147.0500030517578
2024-04-22,164.49810791015625,148.63999938964844,177.22999572753906,155.20950317382812,183.337890625,479.2864685058594,395.8002014160156,79.48188018798828,112.82908630371094,142.0500030517578
2024-04-23,165.54954528808594,152.27000427246094,179.5399932861328,157.17596435546875,185.98036193847656,493.5835876464844,402.32513427734375,82.38555908203125,113.3807601928711,144.67999267578125
2024-04-24,167.65237426757812,151.74000549316406,176.58999633789062,158.0399932861328,186.89022827148438,490.9967346191406,403.7958984375,79.64080810546875,113.62705993652344,162.1300048828125
2024-04-25,168.51535034179688,153.75999450683594,173.6699981689453,154.93142700195312,187.1709442138672,439.1411437988281,393.90484619140625,82.59447479248047,113.18373107910156,170.17999267578125
2024-04-26,167.9300994873047,157.39999389648438,179.6199951171875,170.7721710205078,187.287109375,441.0414733886719,401.0911560058594,87.69514465332031,115.46928405761719,168.2899932861328
2024-04-29,172.0961151123047,160.1999969482422,180.9600067138672,165.01190185546875,187.0838165283203,430.425537109375,397.07354736328125,87.71713256835938,114.75997161865234,194.0500030517578
2024-04-30,168.95176696777344,158.3800048828125,175.0,161.6649627685547,185.59320068359375,427.988037109375,384.31982421875,86.36275482177734,112.0606689453125,183.27999877929688
2024-05-01,167.9300994873047,144.27000427246094,179.0,162.73757934570312,185.70933532714844,436.9621887207031,389.85760498046875,83.0032730102539,112.92760467529297,179.99000549316406
2024-05-02,171.62994384765625,146.16000366210938,184.72000122070312,165.47866821289062,185.51576232910156,439.43963623046875,392.7203063964844,85.77801513671875,113.25270080566406,180.00999450683594
2024-05-03,181.89617919921875,150.60000610351562,186.2100067138672,166.0944366455078,184.40261840820312,449.6674499511719,401.4267883300781,88.74866485595703,114.0802230834961,181.19000244140625
2024-05-06,180.23968505859375,155.77999877929688,188.6999969482422,166.9485626220703,185.8448486328125,463.31787109375,408.2182922363281,92.09813690185547,116.58248901367188,184.75999450683594
2024-05-07,180.92410278320312,154.42999267578125,188.75999450683594,170.07696533203125,185.60287475585938,465.8648681640625,404.072265625,90.51285552978516,116.17858123779297,177.80999755859375
2024-05-08,181.26136779785156,153.6199951171875,188.0,168.21975708007812,189.37782287597656,470.2027893066406,405.2568664550781,90.37092590332031,115.64659881591797,174.72000122070312
2024-05-09,183.07656860351562,152.38999938964844,189.5,168.7958221435547,191.1685333251953,473.0085144042969,407.013916015625,88.70668029785156,114.90774536132812,171.97000122070312
2024-05-10,181.8151397705078,151.9199981689453,187.47999572753906,167.49476623535156,192.3978271484375,473.7845458984375,409.4028015136719,89.83717346191406,114.93730163574219,168.47000122070312
2024-05-13,185.02333068847656,150.55999755859375,186.57000732421875,167.9813995361328,192.35910034179688,465.6360778808594,408.39593505859375,90.3579330444336,114.64175415039062,171.88999938964844
2024-05-14,186.1655731201172,153.16000366210938,187.07000732421875,169.17318725585938,195.0499725341797,469.45660400390625,411.19940185546875,91.31450653076172,119.07493591308594,177.5500030517578
2024-05-15,188.44012451171875,159.6699981689453,185.99000549316406,171.32833862304688,195.6307373046875,479.0974426269531,418.38873291015625,94.5870132446289,119.8236312866211,173.99000549316406
2024-05-16,188.559326171875,162.6199951171875,183.6300048828125,172.9868927001953,195.9792022705078,470.8295593261719,416.32196044921875,94.31613159179688,120.34576416015625,174.83999633789062
2024-05-17,188.58912658691406,164.47000122070312,184.6999969482422,174.85400390625,198.22482299804688,469.51629638671875,415.5506286621094,92.43698120117188,121.6658706665039,177.4600067138672
2024-05-20,189.75123596191406,166.3300018310547,183.5399932861328,175.70811462402344,189.31007385253906,466.46185302734375,420.6237487792969,94.73694610595703,122.67070770263672,174.9499969482422
2024-05-21,191.05239868164062,164.66000366210938,183.14999389648438,176.6317901611328,193.12379455566406,462.273193359375,424.28271484375,95.34266662597656,122.7790756225586,186.60000610351562
2024-05-22,189.6121826171875,165.52000427246094,183.1300048828125,175.17184448242188,191.95257568359375,465.4072265625,425.7463073730469,94.90687561035156,122.74952697753906,180.11000061035156
2024-05-23,185.6193084716797,160.42999267578125,181.0500030517578,172.36122131347656,190.60711669921875,463.4173889160156,422.26531982421875,103.75184631347656,122.24710845947266,173.74000549316406
2024-05-24,188.6983642578125,166.36000061035156,180.75,173.79135131835938,194.27565002441406,475.79425048828125,425.39031982421875,106.4206314086914,121.08463287353516,179.24000549316406
2024-05-28,188.70831298828125,171.61000061035156,182.14999389648438,175.19166564941406,193.1044158935547,477.4856872558594,425.54852294921875,113.8492660522461,122.64115142822266,176.75
2024-05-29,189.0062713623047,165.13999938964844,182.02000427246094,174.6951141357422,191.7589874267578,471.9538269042969,424.4112854003906,114.77283477783203,121.90229797363281,176.19000244140625
2024-05-30,189.99952697753906,166.75,179.32000732421875,170.93106079101562,192.93988037109375,464.6809387207031,410.07208251953125,110.44979858398438,115.35105895996094,178.7899932861328
2024-05-31,190.95306396484375,166.89999389648438,176.44000244140625,171.3184051513672,196.1340789794922,464.4620056152344,410.5269775390625,109.58319854736328,115.44957733154297,178.0800018310547
2024-06-03,192.72105407714844,163.5500030517578,178.33999633789062,171.9838104248047,195.35003662109375,475.0679931640625,408.9347839355469,114.94776153564453,117.50853729248047,176.2899932861328
2024-06-04,193.0388946533203,159.99000549316406,179.33999633789062,172.5995635986328,192.77532958984375,474.5704650878906,411.45654296875,116.38410949707031,118.28681182861328,174.77000427246094
2024-06-05,194.54861450195312,166.1699981689453,181.27999877929688,174.20846557617188,190.9362335205078,492.548828125,419.30853271484375,122.3843765258789,120.80877685546875,175.0
2024-06-06,193.1680145263672,166.77999877929688,185.0,175.5194091796875,190.5974578857422,491.25543212890625,419.8128356933594,120.94303894042969,121.6658706665039,177.94000244140625
2024-06-07,195.561767578125,167.8699951171875,184.3000030517578,173.26498413085938,193.5399932861328,490.45947265625,419.1502380371094,120.83309173583984,124.04991912841797,177.47999572753906
2024-06-10,191.81716918945312,160.33999633789062,187.05999755859375,174.0106964111328,193.2108917236328,500.05059814453125,423.12567138671875,121.73467254638672,122.65101623535156,173.7899932861328
2024-06-11,205.75253295898438,158.9600067138672,187.22999572753906,175.6114959716797,188.1291961669922,504.8959045410156,427.8823547363281,120.86500549316406,122.04021453857422,170.66000366210938
2024-06-12,211.6326141357422,160.24000549316406,186.88999938964844,176.77479553222656,185.38992309570312,506.25897216796875,436.16943359375,125.15340423583984,138.295166015625,177.2899932861328
2024-06-13,212.79470825195312,159.89999389648438,183.8300018310547,174.15985107421875,187.45166015625,501.5429992675781,436.68365478515625,129.56175231933594,137.7730712890625,182.47000122070312
2024-06-14,211.05654907226562,159.6300048828125,183.66000366210938,175.78053283691406,187.5677947998047,502.1007080078125,437.6627197265625,131.8309326171875,136.07859802246094,178.00999450683594
2024-06-17,215.20831298828125,158.39999389648438,184.05999755859375,176.22796630859375,188.7293243408203,504.56060791015625,443.39837646484375,130.93125915527344,139.21136474609375,187.44000244140625
2024-06-18,212.8443603515625,154.6300048828125,182.80999755859375,174.09024047851562,190.68455505371094,497.4497985839844,441.3908996582031,135.529541015625,142.4918975830078,184.86000061035156
2024-06-20,208.26547241210938,161.77999877929688,186.10000610351562,175.29331970214844,192.301025390625,499.6507873535156,440.75799560546875,130.73133850097656,140.78759765625,181.57000732421875
2024-06-21,206.09024047851562,161.22999572753906,189.0800018310547,178.6043243408203,190.00701904296875,492.759033203125,444.7927551269531,126.52288818359375,139.39852905273438,183.00999450683594
2024-06-24,206.7358856201172,160.25,185.57000732421875,178.1966552734375,192.50430297851562,496.8721618652344,442.7061462402344,118.0660400390625,137.8124542236328,182.5800018310547
2024-06-25,207.6596221923828,160.25,186.33999633789062,182.97918701171875,191.7202606201172,508.5144348144531,445.94976806640625,126.0430679321289,137.1031494140625,187.35000610351562
2024-06-26,211.81138610839844,157.5399932861328,193.61000061035156,182.83006286621094,191.10079956054688,511.0241394042969,447.1463317871094,126.35295867919922,136.17710876464844,196.3699951171875
2024-06-27,212.6556396484375,159.47000122070312,197.85000610351562,184.35130310058594,192.78500366210938,517.4378662109375,447.8287048339844,123.94384765625,138.09814453125,197.4199981689453
2024-06-28,209.19912719726562,162.2100067138672,193.25,181.10992431640625,195.7759552001953,502.1604919433594,441.994140625,123.49402618408203,139.1029815673828,197.8800048828125
2024-07-01,215.28778076171875,157.69000244140625,197.1999969482422,181.94512939453125,198.8636932373047,502.6185607910156,451.66571044921875,124.25374603271484,140.9649200439453,209.86000061035156
2024-07-02,218.78404235839844,164.30999755859375,200.0,184.18228149414062,202.13531494140625,507.41888427734375,454.1874084472656,122.62434387207031,141.152099609375,231.25999450683594
2024-07-03,220.05538940429688,163.89999389648438,197.58999633789062,184.7589569091797,201.99981689453125,507.8770446777344,455.6608581542969,128.2322540283203,142.2357635498047,246.38999938964844
2024-07-05,224.8130645751953,171.89999389648438,200.0,189.51168823242188,199.32321166992188,537.7046508789062,462.37554931640625,125.78316497802734,142.6790771484375,251.52000427246094
2024-07-08,226.28311157226562,178.69000244140625,199.2899932861328,187.95062255859375,199.69305419921875,527.157958984375,461.0701904296875,128.1522674560547,142.87611389160156,252.94000244140625
2024-07-09,227.1372833251953,177.10000610351562,199.33999633789062,187.9009246826172,202.08740234375,527.835205078125,454.44451904296875,131.33111572265625,138.59071350097656,262.3299865722656
2024-07-10,231.40829467773438,183.9600067138672,199.7899932861328,190.08834838867188,202.2528839111328,532.506103515625,461.08013916015625,134.85980224609375,139.96009826660156,263.260009765625
2024-07-11,226.0347900390625,181.94000244140625,195.0500030517578,184.51039123535156,201.91221618652344,510.6058349609375,449.658203125,127.35259246826172,141.0369110107422,241.02999877929688
2024-07-12,228.98475646972656,181.61000061035156,194.49000549316406,184.0132598876953,199.46922302246094,496.8323059082031,448.52093505859375,129.19192504882812,143.0226593017578,248.22999572753906
2024-07-15,232.81871032714844,179.8300018310547,192.72000122070312,185.4648895263672,204.4427947998047,494.1333923339844,448.9263916015625,128.3922119140625,141.34317016601562,252.63999938964844
2024-07-16,233.2358856201172,177.5500030517578,193.02000427246094,182.8698272705078,207.91749572753906,487.7894287109375,444.53564453125,126.3129653930664,140.8887176513672,256.55999755859375
2024-07-17,227.33595275878906,159.42999267578125,187.92999267578125,179.9863739013672,211.08074951171875,460.10296630859375,438.6021728515625,117.94608306884766,137.5791473388672,248.5
2024-07-18,222.66766357421875,155.77000427246094,183.75,176.67538452148438,204.37464904785156,473.9063415527344,435.4870910644531,121.044921875,136.36399841308594,249.22999572753906
2024-07-19,222.79676818847656,151.5800018310547,183.1300048828125,176.64556884765625,204.1800079345703,474.8424987792969,432.26324462890625,117.88611602783203,136.8876190185547,239.1999969482422
2024-07-22,222.44915771484375,155.8699951171875,182.5500030517578,180.63265991210938,204.6666717529297,485.4091796875,438.0285949707031,123.49402618408203,138.47816467285156,251.50999450683594
2024-07-23,223.49205017089844,154.0,186.41000366210938,180.75196838378906,204.71534729003906,486.6938781738281,439.91741943359375,122.54436492919922,141.38270568847656,246.3800048828125
2024-07-24,217.06570434570312,144.6300048828125,180.8300018310547,171.64427185058594,203.0217742919922,459.3858642578125,424.14422607421875,114.20747375488281,137.09507751464844,215.99000549316406
2024-07-25,216.02281188964844,138.32000732421875,179.85000610351562,166.3248291015625,203.09963989257812,451.5580139160156,413.76068115234375,112.23820495605469,136.1565399169922,220.25
2024-07-26,216.4896240234375,139.99000549316406,182.5,166.0464324951172,206.5743408203125,463.7978210449219,420.55450439453125,113.01791381835938,137.33218383789062,219.8000030517578
2024-07-29,216.7677459716797,139.75,183.1999969482422,168.56198120117188,205.221435546875,463.8077697753906,421.9983215332031,111.54846954345703,136.640625,232.10000610351562
2024-07-30,217.32394409179688,138.44000244140625,181.7100067138672,169.31764221191406,209.4456024169922,461.2980651855469,418.2305908203125,103.69139862060547,134.03248596191406,222.6199951171875
2024-07-31,220.5818328857422,144.47999572753906,186.97999572753906,170.5605010986328,207.11941528320312,472.8905334472656,413.71124267578125,116.97643280029297,137.76686096191406,232.07000732421875
2024-08-01,216.8869171142578,132.5399932861328,184.07000732421875,169.78494262695312,202.4086151123047,495.7069396972656,412.4849548339844,109.16935729980469,135.8502655029297,216.86000061035156
2024-08-02,218.37681579589844,132.5,167.89999389648438,165.70835876464844,193.8240509033203,486.1461486816406,403.9605712890625,107.23006439208984,131.67135620117188,207.6699981689453
2024-08-05,207.85826110839844,134.82000732421875,161.02000427246094,158.34066772460938,189.69723510742188,473.786865234375,390.7684631347656,100.41261291503906,126.3167495727539,198.8800048828125
2024-08-06,205.83200073242188,130.17999267578125,161.92999267578125,157.38613891601562,194.99200439453125,492.07183837890625,395.1790466308594,104.21119689941406,126.66253662109375,200.63999938964844
2024-08-07,208.404541015625,128.6699981689453,162.77000427246094,158.03245544433594,195.05038452148438,486.9229431152344,394.0121154785156,98.8731918334961,124.38041687011719,191.75999450683594
2024-08-08,211.87098693847656,136.32000732421875,165.8000030517578,161.10479736328125,198.61270141601562,507.5483703613281,398.22491455078125,104.9309310913086,127.40349578857422,198.83999633789062
2024-08-09,214.78123474121094,134.27000427246094,166.94000244140625,162.73544311523438,200.30625915527344,515.6551513671875,401.5179748535156,104.71101379394531,130.46604919433594,200.0
2024-08-12,216.3126220703125,136.77000427246094,166.8000030517578,161.36331176757812,200.6858673095703,513.842529296875,402.2991638183594,108.97943115234375,130.9797821044922,197.49000549316406
2024-08-13,220.03167724609375,141.1300048828125,170.22999572753906,163.22264099121094,202.38914489746094,526.381103515625,409.41937255859375,116.09677124023438,132.63949584960938,207.8300018310547
2024-08-14,220.4791717529297,140.75,170.10000610351562,159.45428466796875,204.6277618408203,524.6083984375,412.23779296875,118.03605651855469,133.96334838867188,201.3800048828125
2024-08-15,223.4623565673828,147.36000061035156,177.58999633789062,160.37896728515625,205.9027557373047,535.1351928710938,417.1119384765625,122.81427764892578,135.2772674560547,214.13999938964844
2024-08-16,224.78492736816406,148.55999755859375,177.05999755859375,162.0294952392578,208.25816345214844,525.265625,414.5758056640625,124.53363037109375,135.81077575683594,216.1199951171875
2024-08-19,224.62582397460938,155.27999877929688,178.22000122070312,165.71832275390625,209.6986541748047,527.1181640625,417.6073303222656,129.95162963867188,136.25534057617188,222.72000122070312
2024-08-20,225.2423553466797,156.39999389648438,178.8800048828125,166.2253875732422,208.79347229003906,524.5784912109375,420.84686279296875,127.20263671875,137.49024963378906,221.10000610351562
2024-08-21,225.13296508789062,157.80999755859375,180.11000061035156,164.90301513671875,208.871337890625,532.9740600585938,420.19305419921875,128.45217895507812,138.5078125,223.27000427246094
2024-08-22,223.2734375,151.6999969482422,176.1300048828125,162.8647003173828,210.84716796875,529.7572631835938,411.6829833984375,123.6939468383789,136.41342163085938,210.66000366210938
2024-08-23,225.5705108642578,154.97999572753906,177.0399932861328,164.67430114746094,212.48231506347656,525.8433837890625,412.91143798828125,129.32183837890625,137.510009765625,220.32000732421875
2024-08-26,225.90858459472656,149.99000549316406,175.5,165.2112274169922,213.31935119628906,518.991455078125,409.64215087890625,126.41293334960938,137.2235107421875,213.2100067138672
2024-08-27,226.75384521484375,150.5,173.1199951171875,163.7396697998047,214.30239868164062,516.9796752929688,409.9888916015625,128.25225830078125,136.80857849121094,209.2100067138672
2024-08-28,225.22247314453125,146.36000061035156,170.8000030517578,161.92013549804688,215.38275146484375,514.669189453125,406.779052734375,125.5632553100586,136.2158203125,205.75
2024-08-29,228.50399780273438,145.49000549316406,172.1199951171875,160.85621643066406,216.27822875976562,516.103271484375,409.27557373046875,117.54623413085938,137.7372283935547,206.27999877929688
2024-08-30,227.71841430664062,148.55999755859375,178.5,162.44711303710938,218.799072265625,519.1807250976562,413.2582092285156,119.32557678222656,139.58465576171875,214.11000061035156
2024-09-03,221.52328491210938,136.94000244140625,176.25,156.46148681640625,214.419189453125,509.6696472167969,405.6298522949219,107.95980072021484,137.81625366210938,210.60000610351562
2024-09-04,219.61402893066406,140.8699951171875,173.3300018310547,155.55665588378906,213.47508239746094,510.6456298828125,405.0948486328125,106.17046356201172,139.05116271972656,219.41000366210938
2024-09-05,221.13546752929688,139.44000244140625,177.88999938964844,156.3421630859375,211.8204803466797,514.7488403320312,404.589599609375,107.17009735107422,140.8887176513672,230.1699981689453
2024-09-06,219.58421325683594,134.35000610351562,171.38999938964844,150.05824279785156,206.78846740722656,498.2265625,397.96185302734375,102.79173278808594,140.09837341308594,210.72999572753906
2024-09-09,219.6737060546875,138.14999389648438,175.39999389648438,148.0570831298828,211.02235412597656,502.7281494140625,401.9444580078125,106.43037414550781,138.20155334472656,216.27000427246094
2024-09-10,218.87815856933594,142.83999633789062,179.5500030517578,148.0072784423828,200.07266235351562,502.7281494140625,410.3455810546875,108.05976104736328,154.00843811035156,226.1699981689453
2024-09-11,221.41390991210938,149.86000061035156,184.52000427246094,150.49630737304688,201.6980743408203,509.7393798828125,419.1033020019531,116.86648559570312,155.28286743164062,228.1300048828125
2024-09-12,221.52328491210938,150.77000427246094,187.0,154.01080322265625,201.0849151611328,523.453125,423.02642822265625,119.10585021972656,159.4321746826172,229.80999755859375
2024-09-13,221.25477600097656,152.30999755859375,186.49000549316406,156.76864624023438,198.8657684326172,522.4771118164062,426.5830078125,119.06585693359375,160.0743408203125,230.2899932861328
2024-09-16,215.10939025878906,152.0800018310547,184.88999938964844,157.3660125732422,202.311279296875,531.6084594726562,427.3260498046875,116.74652099609375,168.274169921875,226.77999877929688
2024-09-17,215.57675170898438,150.82000732421875,186.8800048828125,158.62049865722656,203.66416931152344,534.638916015625,431.1006164550781,115.5568618774414,165.44866943359375,227.8699951171875
2024-09-18,219.45492553710938,148.2899932861328,186.42999267578125,159.1083221435547,201.9900665283203,536.2637939453125,426.8009338378906,113.33749389648438,162.54415893554688,227.1999969482422
2024-09-19,227.58914184570312,156.74000549316406,189.8699951171875,161.4281005859375,204.861328125,557.3474731445312,434.6076354980469,117.83621215820312,165.5672149658203,243.9199981689453
2024-09-20,226.92288208007812,155.9499969482422,191.60000610351562,162.87173461914062,205.45504760742188,559.5904541015625,431.2194519042969,115.96675109863281,165.97227478027344,238.25
2024-09-23,225.20257568359375,156.75,193.8800048828125,161.13938903808594,205.7957000732422,562.6408081054688,429.475830078125,116.22667694091797,163.94699096679688,250.0
2024-09-24,226.09751892089844,158.32000732421875,193.9600067138672,161.5774383544922,205.9416961669922,561.5642700195312,425.1762390136719,120.83535766601562,163.798828125,254.27000427246094
2024-09-25,225.10313415527344,162.02000427246094,192.52999877929688,160.7809600830078,204.57908630371094,566.5286254882812,428.0888671875,123.47459411621094,164.27304077148438,257.0199890136719
2024-09-26,226.2467041015625,167.49000549316406,191.16000366210938,162.0155029296875,204.1800079345703,566.0601196289062,427.29632568359375,124.00444030761719,166.07106018066406,254.22000122070312
2024-09-27,226.51516723632812,164.35000610351562,187.97000122070312,163.23016357421875,204.88079833984375,565.58154296875,424.03692626953125,121.36520385742188,166.703369140625,260.4599914550781
2024-09-30,231.696044921875,164.0800018310547,186.3300018310547,165.121826171875,205.23117065429688,570.6456909179688,426.29571533203125,121.40518951416016,168.34329223632812,261.6300048828125
2024-10-01,224.94403076171875,159.75,185.1300048828125,166.25682067871094,201.51315307617188,574.6630249023438,416.775146484375,116.96646118164062,165.1424102783203,258.0199890136719
2024-10-02,225.51083374023438,159.77999877929688,184.75999450683594,165.13177490234375,201.7564697265625,571.0145874023438,413.2482604980469,118.81592559814453,165.68577575683594,249.02000427246094
2024-10-03,224.4070587158203,162.85000610351562,181.9600067138672,165.13177490234375,199.75146484375,580.943359375,412.6637878417969,122.81478118896484,164.8460235595703,240.66000366210938
2024-10-04,225.53073120117188,170.89999389648438,186.50999450683594,166.3264923095703,206.8413848876953,594.072021484375,412.1882019042969,124.88418579101562,168.79774475097656,250.0800018310547
2024-10-07,220.4493408203125,170.97000122070312,180.8000030517578,162.26438903808594,206.55738830566406,582.947021484375,405.7288818359375,127.68338775634766,167.91848754882812,240.8300018310547
2024-10-08,224.50650024414062,172.8000030517578,182.72000122070312,163.6582794189453,206.38113403320312,591.0315551757812,410.85076904296875,132.85189819335938,172.265380859375,244.5
2024-10-09,228.25537109375,171.02000427246094,185.1699981689453,161.14932250976562,208.9957733154297,588.6589965820312,413.5752258300781,132.61195373535156,176.13807678222656,241.0500030517578
2024-10-10,227.75816345214844,164.17999267578125,186.64999389648438,161.36837768554688,208.4278106689453,581.9999389648438,411.97027587890625,134.77134704589844,173.68251037597656,238.77000427246094
2024-10-11,226.2765350341797,167.88999938964844,188.82000732421875,162.5232696533203,217.681884765625,588.100830078125,412.44580078125,134.76136779785156,174.03897094726562,217.8000030517578
2024-10-14,230.00555419921875,165.27000427246094,187.5399932861328,164.23573303222656,216.88868713378906,588.5692749023438,415.2395935058594,138.0304412841797,174.38551330566406,219.16000366210938
2024-10-15,232.54127502441406,156.63999938964844,187.69000244140625,164.7335205078125,217.7798309326172,584.4323120117188,414.84326171875,131.56228637695312,172.37548828125,219.57000732421875
2024-10-16,230.48284912109375,156.1300048828125,186.88999938964844,164.43482971191406,219.00390625,574.9820556640625,412.2476501464844,135.68109130859375,173.04879760742188,221.3300018310547
2024-10-17,230.85079956054688,156.25,187.52999877929688,162.21461486816406,219.76776123046875,575.12158203125,412.8420715332031,136.8907470703125,173.9498291015625,220.88999938964844
2024-10-18,233.68484497070312,155.97000122070312,188.99000549316406,162.70249938964844,220.6980438232422,574.6630249023438,414.2686767578125,137.96043395996094,172.96958923339844,220.6999969482422
2024-10-21,235.1565399169922,157.89999389648438,189.07000732421875,163.34963989257812,218.377197265625,573.3571166992188,414.8829345703125,143.66880798339844,172.04873657226562,218.85000610351562
2024-10-22,234.54000854492188,154.08999633789062,189.6999969482422,164.41493225097656,219.4739532470703,580.1856689453125,423.53167724609375,143.54885864257812,173.58348083496094,217.97000122070312
2024-10-23,229.46856689453125,152.91000366210938,184.7100067138672,162.06527709960938,218.7786865234375,561.923095703125,420.6487731933594,139.51998901367188,171.39524841308594,213.64999389648438
2024-10-24,229.27963256835938,153.44000244140625,186.3800048828125,162.00555419921875,220.31613159179688,566.0003662109375,420.777587890625,140.3697509765625,172.6626434326172,260.4800109863281
2024-10-25,230.1149444580078,156.22999572753906,187.8300018310547,164.5443572998047,217.70147705078125,571.453125,424.16571044921875,141.49942016601562,171.8111114501953,269.19000244140625
2024-10-28,232.09378051757812,159.9199981689453,188.38999938964844,165.98800659179688,220.8253631591797,576.3477172851562,422.6202392578125,140.479736328125,170.72193908691406,262.510009765625
2024-10-29,232.36228942871094,166.25,190.8300018310547,168.93499755859375,218.2792510986328,591.42041015625,427.93035888671875,141.20950317382812,171.72198486328125,259.5199890136719
2024-10-30,228.81227111816406,148.60000610351562,192.72999572753906,173.6940155029297,219.75796508789062,589.9449462890625,428.50494384765625,139.300048828125,172.8408660888672,257.54998779296875
2024-10-31,224.64572143554688,144.07000732421875,186.39999389648438,170.3587188720703,217.31956481933594,565.801025390625,402.568603515625,132.72195434570312,166.18704223632812,249.85000610351562
2024-11-01,221.66249084472656,141.86000061035156,197.92999267578125,170.53790283203125,218.3184356689453,565.3822021484375,406.5511779785156,135.36119079589844,168.3455810546875,248.97999572753906
2024-11-04,220.7675323486328,140.7100067138672,195.77999877929688,168.49691772460938,215.2239227294922,558.9224853515625,404.6589660644531,136.01100158691406,167.9197998046875,242.83999633789062
2024-11-05,222.199462890625,141.66000366210938,199.5,168.99473571777344,216.89849853515625,570.6357421875,407.63104248046875,139.86988830566406,170.0882568359375,251.44000244140625
2024-11-06,221.4735565185547,145.10000610351562,207.08999633789062,175.73501586914062,241.93841552734375,570.2568969726562,416.2698974609375,145.56825256347656,179.45509338378906,288.5299987792969
2024-11-07,226.20692443847656,149.82000732421875,210.0500030517578,179.95639038085938,231.47982788085938,589.8453369140625,421.47100830078125,148.83734130859375,184.5345458984375,296.9100036621094
2024-11-08,225.9381561279297,147.9499969482422,208.17999267578125,177.56692504882812,232.06736755371094,587.4927368164062,418.60797119140625,147.58767700195312,187.38619995117188,321.2200012207031
2024-11-11,223.2204132080078,147.35000610351562,206.83999633789062,179.55813598632812,234.32948303222656,581.342041015625,414.1200866699219,145.2183380126953,187.26739501953125,350.0
2024-11-12,223.2204132080078,143.6300048828125,208.91000366210938,180.82257080078125,234.59390258789062,582.9868774414062,419.0933532714844,148.24746704101562,187.7129669189453,328.489990234375
2024-11-13,224.10641479492188,139.3000030517578,214.10000610351562,178.09458923339844,236.16073608398438,578.1820068359375,421.2431945800781,146.2280731201172,187.76246643066406,330.239990234375
2024-11-14,227.1924591064453,138.83999633789062,211.47999572753906,174.80908203125,236.8560028076172,575.350830078125,422.9174499511719,146.71791076660156,185.20787048339844,311.17999267578125
2024-11-15,223.98695373535156,134.89999389648438,202.61000061035156,171.73265075683594,240.22470092773438,552.3432006835938,411.1380920410156,141.9392852783203,181.9304656982422,320.7200012207031
2024-11-18,226.9933624267578,138.92999267578125,201.6999969482422,174.5303192138672,239.9504852294922,552.6621704101562,411.89105224609375,140.10980224609375,183.90086364746094,338.739990234375
2024-11-19,227.252197265625,139.38999938964844,204.61000061035156,177.33792114257812,238.05068969726562,559.331298828125,413.9021301269531,146.9678497314453,187.03964233398438,346.0
2024-11-20,227.9689483642578,137.60000610351562,202.8800048828125,175.2073211669922,235.78860473632812,563.7474365234375,411.6235046386719,145.84817504882812,188.8714141845703,342.0299987792969
2024-11-21,227.49110412597656,137.49000549316406,198.3800048828125,166.8939971923828,239.6860809326172,561.3250122070312,409.8466491699219,146.62796020507812,190.5348663330078,339.6400146484375
2024-11-22,228.8350372314453,138.35000610351562,197.1199951171875,164.03659057617188,243.3975372314453,557.3873901367188,413.9463806152344,141.9093017578125,190.39625549316406,352.55999755859375
2024-11-25,231.82151794433594,141.1300048828125,201.4499969482422,166.9138946533203,245.10145568847656,563.3386840820312,415.72332763671875,135.9810028076172,186.13861083984375,338.5899963378906
2024-11-26,234.00167846679688,137.72000122070312,207.86000061035156,168.37744140625,244.78810119628906,571.7422485351562,424.8559265136719,136.88075256347656,188.4951629638672,338.2300109863281
2024-11-27,233.8722381591797,136.24000549316406,205.74000549316406,168.48696899414062,244.61181640625,567.4158325195312,419.89251708984375,135.3011932373047,180.90069580078125,332.8900146484375
2024-11-29,236.26145935058594,137.17999267578125,207.88999938964844,168.20819091796875,244.5432891845703,572.5198364257812,420.35906982421875,138.2103729248047,183.01962280273438,345.1600036621094
2024-12-02,238.51126098632812,142.05999755859375,210.7100067138672,170.737060546875,241.14520263671875,590.9718017578125,427.82403564453125,138.5902557373047,179.62339782714844,357.0899963378906
2024-12-03,241.55747985839844,141.97999572753906,213.44000244140625,170.5876922607422,239.74485778808594,611.7265625,428.0424499511719,140.2198028564453,181.0888214111328,351.4200134277344
2024-12-04,241.91587829589844,143.99000549316406,218.16000366210938,173.60440063476562,238.35427856445312,611.8560791015625,434.21685791015625,145.09840393066406,186.33663940429688,357.92999267578125
2024-12-05,241.94573974609375,141.36000061035156,220.5500030517578,171.8820037841797,240.39117431640625,607.0213012695312,439.3788146972656,145.02841186523438,184.4058380126953,369.489990234375
2024-12-06,241.7466278076172,138.58999633789062,227.02999877929688,173.9429168701172,242.23219299316406,621.8148193359375,440.3218688964844,142.4089813232422,189.8021697998047,389.2200012207031
2024-12-09,245.6390380859375,130.8699951171875,226.08999633789062,174.8001251220703,238.75579833984375,611.6467895507812,442.75390625,138.77975463867188,188.57437133789062,389.7900085449219
2024-12-10,246.65443420410156,127.73999786376953,225.0399932861328,184.56826782226562,237.8254852294922,617.3787841796875,440.08355712890625,135.04058837890625,175.9895477294922,400.989990234375
2024-12-11,245.38021850585938,130.14999389648438,230.25999450683594,194.76502990722656,238.48159790039062,630.6968383789062,445.7021789550781,139.27964782714844,176.8212890625,424.7699890136719
2024-12-12,246.8435821533203,130.60000610351562,228.97000122070312,191.33621215820312,236.52304077148438,628.8128051757812,446.2679748535156,137.31008911132812,173.59339904785156,418.1000061035156
2024-12-13,247.01283264160156,126.91000366210938,227.4600067138672,189.20315551757812,234.9660186767578,618.405517578125,443.9947509765625,134.22076416015625,171.68240356445312,436.2300109863281
2024-12-16,249.90972900390625,126.69000244140625,232.92999267578125,196.02093505859375,234.6134796142578,622.7852783203125,448.2831115722656,131.9712371826172,169.5436553955078,463.0199890136719
2024-12-17,252.33872985839844,125.0199966430664,231.14999389648438,194.7849578857422,233.41876220703125,617.9964599609375,451.132080078125,130.36160278320312,168.0386505126953,479.8599853515625
2024-12-18,246.9331817626953,121.41000366210938,220.52000427246094,187.7877655029297,225.59439086914062,595.79833984375,434.18707275390625,128.88192749023438,163.78099060058594,440.1300048828125
2024-12-19,248.66534423828125,118.87999725341797,223.2899932861328,187.8974151611328,228.13072204589844,594.1820678710938,433.8297424316406,130.65151977539062,167.127685546875,436.1700134277344
2024-12-20,253.34417724609375,119.20999908447266,224.9199981689453,190.78797912597656,232.67453002929688,583.8861083984375,433.4029235839844,134.670654296875,167.98912048339844,421.05999755859375
2024-12-23,254.1206817626953,124.5999984741211,225.05999755859375,193.99754333496094,233.44815063476562,598.4520874023438,432.0627746582031,139.6395721435547,167.47422790527344,430.6000061035156
2024-12-24,257.0374755859375,126.29000091552734,229.0500030517578,195.4727325439453,237.28688049316406,606.3336791992188,436.1129150390625,140.18946838378906,169.72189331054688,462.2799987792969
2024-12-26,257.8537902832031,125.05999755859375,227.0500030517578,194.96438598632812,238.0996856689453,601.9439697265625,434.90179443359375,139.89952087402344,169.98922729492188,454.1300048828125
2024-12-27,254.43922424316406,125.19000244140625,223.75,192.1335906982422,236.17051696777344,598.4122314453125,427.3773193359375,136.98016357421875,167.2960205078125,431.6600036621094
2024-12-30,251.06448364257812,122.44000244140625,221.3000030517578,190.61854553222656,234.35887145996094,589.8621215820312,421.71905517578125,137.46005249023438,165.26620483398438,417.4100036621094
2024-12-31,249.29251098632812,120.79000091552734,219.38999938964844,188.6848602294922,234.7407989501953,584.1455688476562,418.4134216308594,134.26075744628906,164.9988555908203,403.8399963378906
2025-01-02,242.75209045410156,120.62999725341797,220.22000122070312,188.81442260742188,235.02476501464844,597.843505859375,415.51483154296875,138.27987670898438,164.39486694335938,379.2799987792969
2025-01-03,242.26431274414062,125.37000274658203,224.19000244140625,191.166748046875,238.2367706298828,603.220947265625,420.2499084472656,144.43853759765625,164.68202209472656,410.44000244140625
2025-01-06,243.89691162109375,129.5500030517578,227.61000061035156,196.23023986816406,237.0752716064453,628.7313842773438,424.7169494628906,149.39744567871094,164.0582275390625,411.04998779296875
2025-01-07,241.11947631835938,127.33000183105469,222.11000061035156,194.85475158691406,239.35890197753906,616.4500732421875,419.277099609375,140.10946655273438,160.4342803955078,394.3599853515625
2025-01-08,241.60726928710938,121.83999633789062,222.1300048828125,193.31973266601562,239.3195343017578,609.2967529296875,421.4510192871094,140.07948303222656,161.53334045410156,394.94000244140625
2025-01-10,235.7836151123047,116.04000091552734,218.94000244140625,191.4159393310547,236.11062622070312,614.4247436523438,415.8821105957031,135.8804168701172,153.3544158935547,394.739990234375
2025-01-13,233.34463500976562,117.31999969482422,218.4600067138672,190.38929748535156,240.38259887695312,606.912353515625,414.135009765625,133.20098876953125,152.7787322998047,403.30999755859375
2025-01-14,232.2296905517578,116.08999633789062,217.75999450683594,189.04368591308594,243.5915069580078,592.8651123046875,412.6261291503906,131.73129272460938,155.15101623535156,396.3599853515625
2025-01-15,236.79901123046875,119.95999908447266,223.35000610351562,194.91453552246094,248.39501953125,615.6818237304688,423.1882019042969,136.21034240722656,157.1361846923828,428.2200012207031
2025-01-16,227.23228454589844,118.44000244140625,220.66000366210938,192.2831268310547,250.28494262695312,609.8754272460938,421.4708557128906,133.54090881347656,158.3570556640625,413.82000732421875
2025-01-17,228.9445343017578,121.45999908447266,225.94000244140625,195.36306762695312,255.0983123779297,611.3419799804688,425.8883056640625,137.6800079345703,159.8360137939453,426.5
2025-01-21,221.6375732421875,122.27999877929688,230.7100067138672,197.4064178466797,258.9076232910156,615.0234375,425.3622131347656,140.79933166503906,171.29046630859375,424.07000732421875
2025-01-22,222.82223510742188,123.75,235.00999450683594,197.72537231445312,258.7206115722656,622.0469970703125,442.9325866699219,147.03799438476562,182.85406494140625,415.1099853515625
2025-01-23,222.65301513671875,123.04000091552734,235.4199981689453,197.33663940429688,261.78192138671875,634.966796875,443.4388427734375,147.1879425048828,185.08738708496094,412.3800048828125
2025-01-24,221.77694702148438,122.83999633789062,234.85000610351562,199.5594024658203,260.68927001953125,645.9811401367188,440.80828857421875,142.58892822265625,182.23867797851562,406.5799865722656
2025-01-27,228.82508850097656,115.01000213623047,235.4199981689453,191.1866912841797,261.6834716796875,658.3422241210938,431.3778076171875,118.39420318603516,157.1063995361328,397.1499938964844
2025-01-28,237.187255859375,114.16999816894531,238.14999389648438,194.6653594970703,262.9532470703125,672.758544921875,443.9252624511719,128.9619140625,162.78399658203125,398.0899963378906
2025-01-29,238.2823028564453,117.3499984741211,237.07000732421875,194.77499389648438,262.4020080566406,674.9135131835938,439.09088134765625,123.67305755615234,160.8186798095703,389.1000061035156
2025-01-30,236.520263671875,118.86000061035156,234.63999938964844,200.2172393798828,264.0261535644531,685.3990478515625,411.95111083984375,124.62285614013672,169.11669921875,400.2799987792969
2025-01-31,234.9374237060547,115.94999694824219,237.67999267578125,203.35702514648438,263.1107177734375,687.5739135742188,412.0205993652344,120.04385375976562,168.799072265625,404.6000061035156
2025-02-03,226.9833984375,114.2699966430664,237.4199981689453,200.57608032226562,262.62841796875,695.8346557617188,407.9109802246094,116.63459777832031,167.3498992919922,383.67999267578125
2025-02-04,231.7518310546875,119.5,242.05999755859375,205.7093505859375,263.7406921386719,702.5488891601562,409.35028076171875,118.62416076660156,166.64515686035156,392.2099914550781
2025-02-05,231.42332458496094,112.01000213623047,236.1699981689453,190.70826721191406,266.1916809082031,703.2274169921875,410.2635803222656,124.80281829833984,170.38720703125,378.1700134277344
2025-02-06,232.16995239257812,110.16000366210938,238.8300018310547,190.9773712158203,272.56024169921875,710.3307495117188,412.7750549316406,128.65196228027344,171.07208251953125,374.32000732421875
2025-02-07,226.60511779785156,107.55999755859375,229.14999389648438,184.7377166748047,271.4775085449219,712.8548583984375,406.7494812011719,129.81170654296875,173.1664276123047,361.6199951171875
2025-02-10,226.8741912841797,110.4800033569336,233.13999938964844,185.86404418945312,266.7920837402344,715.7281494140625,409.2013854980469,133.54090881347656,177.59336853027344,350.7300109863281
2025-02-11,231.8272705078125,111.0999984741211,232.75999450683594,184.71780395507812,270.6802062988281,718.12255859375,408.4271240234375,132.77108764648438,175.87619018554688,328.5
2025-02-12,236.06277465820312,111.72000122070312,228.92999267578125,183.0133514404297,271.1330261230469,723.6895751953125,406.044677734375,131.11143493652344,170.94305419921875,336.510009765625
2025-02-13,240.70687866210938,111.80999755859375,230.3699951171875,185.53512573242188,271.9893493652344,726.8621826171875,407.53369140625,135.26052856445312,172.5708770751953,355.94000244140625
2025-02-14,243.76646423339844,113.0999984741211,228.67999267578125,184.62806701660156,272.255126953125,734.9532470703125,405.43914794921875,138.81976318359375,172.86866760253906,355.8399963378906
2025-02-18,243.6368865966797,114.27999877929688,226.64999389648438,183.1728057861328,275.5624694824219,714.7005615234375,406.6402893066406,139.36964416503906,178.4668426513672,354.1099853515625
2025-02-19,244.03549194335938,114.69000244140625,226.6300048828125,184.66795349121094,274.8734436035156,702.1300048828125,411.7326965332031,139.19967651367188,180.17410278320312,360.55999755859375
2025-02-20,244.9922332763672,114.16999816894531,222.8800048828125,183.9602508544922,262.6185302734375,693.2207641601562,413.91107177734375,140.07948303222656,174.6950225830078,354.3999938964844
2025-02-21,244.71319580078125,110.83999633789062,216.5800018310547,179.076171875,260.09869384765625,681.95703125,406.03326416015625,134.4007110595703,166.5657501220703,337.79998779296875
2025-02-24,246.25791931152344,108.11000061035156,212.7100067138672,178.66751098632812,257.2441101074219,666.572998046875,401.8457336425781,130.2516326904297,168.69981384277344,330.5299987792969
2025-02-25,246.1981201171875,103.95999908447266,212.8000030517578,174.84996032714844,253.36587524414062,655.9677734375,395.7782287597656,126.60242462158203,167.2903289794922,302.79998779296875
2025-02-26,239.5408935546875,104.73999786376953,214.35000610351562,172.16868591308594,254.73411560058594,672.1300048828125,397.5984802246094,131.2514190673828,171.19119262695312,290.79998779296875
2025-02-27,236.49131774902344,99.51000213623047,208.74000549316406,167.95245361328125,254.99000549316406,656.7059936523438,390.4368896484375,120.12384033203125,163.53836059570312,281.95001220703125
2025-02-28,241.01583862304688,99.86000061035156,212.27999877929688,169.7266387939453,260.5022277832031,666.642822265625,394.87310791015625,124.89279174804688,164.82872009277344,292.9800109863281
2025-03-03,237.2188262939453,98.2300033569336,205.02000427246094,166.46728515625,256.535400390625,653.5234375,386.4184265136719,114.03515625,160.8186798095703,284.6499938964844
2025-03-04,235.1259765625,100.75,203.8000030517578,170.3645782470703,246.32794189453125,638.5086059570312,386.53778076171875,115.96473693847656,156.3024139404297,272.0400085449219
2025-03-05,234.93663024902344,101.66999816894531,208.36000061035156,172.457763671875,247.58787536621094,654.9401245117188,398.8816223144531,117.27445220947266,160.36209106445312,279.1000061035156
2025-03-06,234.52804565429688,98.8499984741211,200.6999969482422,171.78993225097656,242.67608642578125,626.4666748046875,394.7736511230469,110.5459213256836,149.8208465576172,263.45001220703125
2025-03-07,238.2552947998047,100.30999755859375,199.25,173.29502868652344,238.48284912109375,624.201904296875,391.2127380371094,112.66545867919922,154.00953674316406,262.6700134277344
2025-03-10,226.70477294921875,96.62999725341797,194.5399932861328,165.52139282226562,228.58053588867188,596.596435546875,378.13287353515625,106.95669555664062,147.68678283691406,222.14999389648438
2025-03-11,220.08741760253906,96.76000213623047,196.58999633789062,163.6952362060547,225.54879760742188,604.2984619140625,378.4212951660156,108.73631286621094,143.11094665527344,230.5800018310547
2025-03-12,216.24057006835938,100.79000091552734,198.88999938964844,166.75880432128906,224.32823181152344,618.1161499023438,381.22625732421875,115.7254409790039,149.7711944580078,248.08999633789062
2025-03-13,208.96542358398438,98.11000061035156,193.88999938964844,162.4179229736328,221.66070556640625,589.2636108398438,376.750244140625,115.56546020507812,146.56515502929688,240.67999267578125
2025-03-14,212.76246643066406,100.97000122070312,197.9499969482422,165.14219665527344,228.7970733642578,606.7233276367188,386.4880676269531,121.65469360351562,148.1632080078125,249.97999572753906
2025-03-17,213.27072143554688,104.58999633789062,195.74000549316406,163.94471740722656,230.26370239257812,604.0272216796875,386.6273193359375,119.51496124267578,152.86805725097656,238.00999450683594
2025-03-18,211.96519470214844,103.51000213623047,192.82000732421875,160.33233642578125,231.28741455078125,581.5197143554688,381.4749450683594,115.41547393798828,148.3418731689453,225.30999755859375
2025-03-19,214.50650024414062,106.2300033569336,195.5399932861328,163.54556274414062,235.36253356933594,583.2173461914062,385.75201416015625,117.50521087646484,151.31964111328125,235.86000061035156
2025-03-20,213.37037658691406,107.13999938964844,194.9499969482422,162.45785522460938,235.2640838623047,585.1544799804688,384.7772216796875,118.51508331298828,151.58763122558594,236.25999450683594
2025-03-21,217.52618408203125,106.44000244140625,196.2100067138672,163.64535522460938,237.84304809570312,595.3897094726562,389.1736755371094,117.68518829345703,151.10125732421875,248.7100067138672
2025-03-24,219.977783203125,113.8499984741211,203.25999450683594,167.3275909423828,244.17227172851562,617.9570922851562,390.9839782714844,121.39472961425781,153.7216796875,278.3900146484375
2025-03-25,222.98748779296875,114.80999755859375,205.7100067138672,170.20155334472656,247.19415283203125,625.4063720703125,393.0528869628906,120.67481994628906,152.7886505126953,288.1400146484375
2025-03-26,220.77505493164062,110.19000244140625,201.1300048828125,164.71310424804688,247.09571838378906,610.0984497070312,387.89056396484375,113.74568939208984,146.70411682128906,272.05999755859375
2025-03-27,223.08717346191406,106.6500015258789,201.36000061035156,161.89903259277344,244.23130798339844,601.7106323242188,388.497314453125,111.41598510742188,144.69908142089844,273.1300048828125
2025-03-28,217.15740966796875,103.22000122070312,192.72000122070312,154.00564575195312,239.04393005371094,575.9078979492188,376.78009033203125,109.65620422363281,139.8254852294922,263.54998779296875
2025-03-31,221.37301635742188,102.73999786376953,190.25999450683594,154.31500244140625,241.45553588867188,575.5284423828125,373.3883056640625,108.36636352539062,138.77334594726562,259.1600036621094
2025-04-01,222.4293975830078,102.77999877929688,192.1699981689453,156.7399139404297,239.8412322998047,585.1544799804688,380.15203857421875,110.13613891601562,140.8875732421875,268.4599914550781
2025-04-02,223.12701416015625,102.95999908447266,196.00999450683594,156.70994567871094,241.96737670898438,583.0874633789062,380.1023254394531,110.4061050415039,144.77850341796875,282.760009765625
2025-04-03,202.49755859375,93.80000305175781,178.41000366210938,150.40322875976562,225.10585021972656,530.8529663085938,371.1204528808594,101.78719329833984,136.21249389648438,267.2799987792969
2025-04-04,187.738037109375,85.76000213623047,171.0,145.29400634765625,208.25929260253906,504.0018005371094,357.9212341308594,94.29813385009766,127.31892395019531,239.42999267578125
2025-04-07,180.84161376953125,83.63999938964844,175.25999450683594,146.44158935546875,212.37933349609375,515.505126953125,355.9517822265625,97.6277084350586,126.21715545654297,233.2899932861328
2025-04-08,171.83242797851562,78.20999908447266,170.66000366210938,144.39588928222656,214.7859649658203,509.7135314941406,352.66937255859375,96.28788757324219,123.57687377929688,221.86000061035156
2025-04-09,198.17234802246094,96.83999633789062,191.10000610351562,158.37646484375,232.0880889892578,584.9248657226562,388.4077453613281,114.31561279296875,138.65426635742188,272.20001220703125
2025-04-10,189.7710723876953,88.69999694824219,181.22000122070312,152.4988250732422,224.92758178710938,545.5017700195312,379.3164978027344,107.55646514892578,132.8367462158203,252.39999389648438
2025-04-11,197.4747314453125,93.4000015258789,184.8699951171875,156.8097381591797,233.93020629882812,542.7857055664062,386.3786926269531,110.9160385131836,131.840576171875,252.30999755859375
2025-04-14,201.82984924316406,94.5,182.1199951171875,158.73568725585938,232.4644317626953,530.7131958007812,385.7420654296875,110.6960678100586,134.12176513671875,252.35000610351562
2025-04-15,201.4511260986328,95.29000091552734,179.58999633789062,155.9814910888672,230.8897247314453,520.767578125,383.67315673828125,112.18588256835938,133.42446899414062,254.11000061035156
2025-04-16,193.6079559326172,88.29000091552734,174.3300018310547,153.0077667236328,227.40354919433594,501.58526611328125,369.6284484863281,104.47685241699219,129.2605438232422,241.5500030517578
2025-04-17,196.3087158203125,87.5,172.61000061035156,150.84231567382812,229.73097229003906,500.7565002441406,365.8188781738281,101.47722625732422,128.12493896484375,241.3699951171875
2025-04-21,192.50172424316406,85.55999755859375,167.32000732421875,147.35964965820312,226.7895050048828,483.9607238769531,357.2050476074219,96.89781188964844,122.34725952148438,227.5
2025-04-22,199.059326171875,86.26000213623047,173.17999267578125,151.15167236328125,233.32608032226562,499.5581970214844,364.864013671875,98.87755584716797,126.750244140625,237.97000122070312
2025-04-23,203.90274047851562,90.38999938964844,180.60000610351562,155.0235137939453,238.56524658203125,519.5194091796875,372.3936462402344,102.69707489013672,130.89422607421875,250.74000549316406
2025-04-24,207.659912109375,94.47000122070312,186.5399932861328,158.94525146484375,242.2891082763672,532.3807983398438,385.2347717285156,106.4166030883789,136.980712890625,259.510009765625
2025-04-25,208.56680297851562,96.6500015258789,188.99000549316406,161.61961364746094,241.2095947265625,546.4804077148438,389.7605285644531,110.99604034423828,137.9569549560547,284.95001220703125
2025-04-28,209.4238739013672,96.38999938964844,187.6999969482422,160.27244567871094,240.8827667236328,548.9468383789062,389.0741882324219,108.71631622314453,139.60060119628906,285.8800048828125
2025-04-29,210.490234375,96.05999755859375,187.38999938964844,159.8234100341797,242.26930236816406,553.6400756835938,391.9388427734375,109.00627899169922,140.2480926513672,292.0299987792969
2025-04-30,211.7758331298828,97.3499984741211,184.4199981689453,158.4662628173828,242.26930236816406,548.2078857421875,393.1523742675781,108.90629577636719,140.17835998535156,282.1600036621094
2025-05-01,212.59304809570312,96.6500015258789,190.1999969482422,160.9610137939453,244.51748657226562,571.3844604492188,423.1316223144531,111.59595489501953,144.9300079345703,280.5199890136719
2025-05-02,204.65020751953125,98.80000305175781,189.97999572753906,163.68527221679688,250.08348083496094,596.1586303710938,432.95892333984375,114.485595703125,150.1498260498047,287.2099914550781
2025-05-05,198.21221923828125,100.58999633789062,186.35000610351562,163.86488342285156,250.1330108642578,598.4053955078125,433.8442077636719,113.80567932128906,148.71536254882812,280.260009765625
2025-05-06,197.83349609375,98.62000274658203,185.00999450683594,162.88694763183594,246.8548126220703,586.462646484375,430.99945068359375,113.52571868896484,147.13148498535156,275.3500061035156
2025-05-07,195.58120727539062,100.36000061035156,188.7100067138672,151.06185913085938,246.99346923828125,595.9489135742188,431.03924560546875,117.04527282714844,148.79505920410156,276.2200012207031
2025-05-08,196.81698608398438,101.69999694824219,192.0800018310547,153.95574951171875,251.03427124023438,597.147216796875,435.83355712890625,117.35523986816406,149.7214813232422,284.82000732421875
2025-05-09,197.8534393310547,102.83999633789062,193.05999755859375,152.42898559570312,250.6480255126953,591.6351928710938,436.39056396484375,116.63532257080078,149.76133728027344,298.260009765625
2025-05-12,210.3471221923828,108.12000274658203,208.63999938964844,158.12698364257812,257.551025390625,638.5074462890625,446.8643798828125,122.98452758789062,156.61485290527344,318.3800048828125
2025-05-13,212.48263549804688,112.45999908447266,211.3699951171875,159.19473266601562,260.48260498046875,655.08349609375,446.74505615234375,129.9136505126953,161.64541625976562,334.07000732421875
2025-05-14,211.8839111328125,117.72000122070312,210.25,165.02244567871094,263.08734130859375,658.40869140625,450.5247497558594,135.32296752929688,162.3227996826172,347.67999267578125
2025-05-15,211.00575256347656,114.98999786376953,205.1699981689453,163.61541748046875,264.9195251464844,642.9510498046875,451.5412292480469,134.8130340576172,158.7864532470703,342.82000732421875
2025-05-16,210.81614685058594,117.16999816894531,205.58999633789062,165.84072875976562,264.9888610839844,639.4161376953125,452.67718505859375,135.38296508789062,159.8722686767578,349.9800109863281
2025-05-19,208.3413543701172,114.73999786376953,206.16000366210938,166.1899871826172,262.3346252441406,639.5059814453125,457.26104736328125,135.55294799804688,159.02554321289062,342.0899963378906
2025-05-20,206.42539978027344,113.51000213623047,204.07000732421875,163.63536071777344,263.1269226074219,636.1807861328125,456.56353759765625,134.3630828857422,159.69296264648438,343.82000732421875
2025-05-21,201.66542053222656,112.05999755859375,201.1199951171875,168.20574951171875,258.5315246582031,634.5830688476562,450.9831848144531,131.78341674804688,156.5749969482422,334.6199951171875
2025-05-22,200.93695068359375,110.70999908447266,203.10000610351562,170.51087951660156,258.16510009765625,635.6515502929688,453.26513671875,132.81329345703125,156.70449829101562,341.0400085449219
2025-05-23,194.8597412109375,110.30999755859375,200.99000549316406,168.11593627929688,258.2046813964844,626.1552124023438,448.6015319824219,131.2734832763672,155.3696746826172,339.3399963378906
2025-05-27,199.78936767578125,114.55999755859375,206.02000427246094,172.53662109375,262.7406921386719,641.3932495117188,459.07470703125,135.48294067382812,161.28680419921875,362.8900146484375
2025-05-28,199.99893188476562,112.86000061035156,204.72000122070312,171.9977569580078,260.9579772949219,642.6514282226562,455.75634765625,134.7930450439453,163.21934509277344,356.8999938964844
2025-05-29,199.5299072265625,113.02999877929688,205.6999969482422,171.49880981445312,261.82952880859375,644.1193237304688,457.0717468261719,139.17250061035156,162.27297973632812,358.42999267578125
2025-05-30,200.4280242919922,110.7300033569336,205.00999450683594,171.37905883789062,261.46307373046875,646.5557861328125,458.7458190917969,135.11300659179688,164.8928680419922,346.4599914550781
2025-06-02,201.27622985839844,114.62999725341797,206.64999389648438,168.6747589111328,262.1167297363281,669.9320678710938,460.3502197265625,137.3627166748047,165.92886352539062,342.69000244140625
2025-06-03,202.8429412841797,117.30999755859375,205.7100067138672,165.8307342529297,263.71124267578125,665.8878784179688,461.3466796875,141.2022247314453,168.4889678955078,344.2699890136719
2025-06-04,202.3938751220703,118.58000183105469,207.22999572753906,167.6968231201172,261.68096923828125,686.9574584960938,462.2435302734375,141.9021453857422,167.45297241210938,332.04998779296875
2025-06-05,200.20848083496094,115.69000244140625,207.91000366210938,167.8564910888672,259.43280029296875,683.6322021484375,466.0401611328125,139.97239685058594,170.48126220703125,284.70001220703125
2025-06-06,203.49156188964844,116.19000244140625,213.57000732421875,173.3149871826172,263.17645263671875,696.703369140625,468.7307434082031,141.70216369628906,173.35018920898438,295.1400146484375
2025-06-09,201.02674865722656,121.7300033569336,216.97999572753906,175.93264770507812,264.1767272949219,693.05859375,471.0924072265625,142.612060546875,176.4681396484375,308.5799865722656
2025-06-10,202.24420166015625,123.23999786376953,217.61000061035156,178.44041442871094,266.0188903808594,701.3865966796875,469.26885986328125,143.94189453125,176.79685974121094,326.0899963378906
2025-06-11,198.36236572265625,121.13999938964844,213.1999969482422,177.1915283203125,265.5732116699219,693.1384887695312,470.9628601074219,142.8219451904297,175.70111083984375,326.42999267578125
2025-06-12,198.78147888183594,118.5,213.24000549316406,175.54299926757812,265.6623229980469,692.359619140625,477.1909484863281,144.9918212890625,199.09072875976562,319.1099853515625
2025-06-13,196.03726196289062,116.16000366210938,212.10000610351562,174.513916015625,262.4039306640625,681.884765625,473.2946472167969,141.9619903564453,214.39161682128906,325.30999755859375
2025-06-16,198.0031280517578,126.38999938964844,216.10000610351562,176.61204528808594,267.7619323730469,701.6464233398438,477.46002197265625,144.6818389892578,210.2874755859375,329.1300048828125
2025-06-17,195.2289581298828,127.0999984741211,214.82000732421875,175.7927703857422,266.92999267578125,696.7597045898438,476.3638610839844,144.1118621826172,207.37869262695312,316.3500061035156
2025-06-18,196.1669921875,126.79000091552734,212.52000427246094,173.16513061523438,271.3273620605469,695.3007202148438,478.5561218261719,145.47178649902344,210.058349609375,322.04998779296875
2025-06-20,200.5777130126953,128.24000549316406,209.69000244140625,166.4910888671875,272.35736083984375,681.8897094726562,475.7261047363281,143.84188842773438,204.3802947998047,322.1600036621094
2025-06-23,201.07664489746094,129.5800018310547,208.47000122070312,165.04238891601562,275.595947265625,698.0588989257812,484.29595947265625,144.161865234375,206.24307250976562,348.67999267578125
2025-06-24,199.87918090820312,138.42999267578125,212.77000427246094,166.62098693847656,278.5572204589844,711.7196655273438,488.3915100097656,147.8916473388672,214.44142150878906,340.4700012207031
2025-06-25,201.1365203857422,143.39999389648438,211.99000549316406,170.52748107910156,281.3302917480469,708.2020263671875,490.5439758300781,154.30130004882812,209.908935546875,327.54998779296875
2025-06-26,200.5777130126953,143.67999267578125,217.1199951171875,173.38491821289062,285.9752197265625,725.6002807617188,495.705810546875,155.01126098632812,212.0008544921875,325.7799987792969
2025-06-27,200.6575469970703,143.80999755859375,223.3000030517578,178.37046813964844,284.3509826660156,733.1351928710938,494.20111083984375,157.74110412597656,209.43077087402344,323.6300048828125
2025-06-30,204.7389373779297,141.89999389648438,219.38999938964844,176.07252502441406,287.12408447265625,737.5922241210938,495.66595458984375,157.98109436035156,217.7884979248047,317.6600036621094
2025-07-01,207.3833770751953,136.11000061035156,220.4600067138672,175.682861328125,287.6192626953125,718.73486328125,490.32470703125,153.29136657714844,218.11721801757812,300.7099914550781
2025-07-02,211.99366760253906,138.52000427246094,219.9199981689453,178.48036193847656,289.19403076171875,713.0886840820312,489.36810302734375,157.2411346435547,229.09478759765625,315.6499938964844
2025-07-03,213.10133361816406,137.91000366210938,223.41000366210938,179.36956787109375,294.56787109375,718.5250244140625,497.0909423828125,159.3310089111328,236.40655517578125,315.3500061035156
2025-07-07,209.50889587402344,134.8000030517578,223.47000122070312,176.63201904296875,290.557373046875,717.865478515625,495.974853515625,158.2310791015625,231.3660125732422,293.94000244140625
2025-07-08,209.5687713623047,137.82000732421875,219.36000061035156,174.20419311523438,281.4118347167969,720.1838989257812,494.8786926269531,159.99098205566406,233.59739685058594,297.80999755859375
2025-07-09,210.69639587402344,138.41000366210938,222.5399932861328,176.46217346191406,281.7900085449219,732.2857666015625,501.74456787109375,162.87081909179688,234.90234375,295.8800048828125
2025-07-10,211.9637451171875,144.16000366210938,222.25999450683594,177.46127319335938,286.7956848144531,726.7494506835938,499.7216796875,164.09075927734375,234.5928955078125,309.8699951171875
2025-07-11,210.7163543701172,146.4199981689453,225.02000427246094,180.02899169921875,285.4720764160156,717.0260620117188,501.5552062988281,164.91070556640625,230.16058349609375,313.510009765625
2025-07-14,208.1816864013672,146.24000549316406,225.69000244140625,181.3977508544922,287.30322265625,720.4337158203125,501.2562561035156,164.06076049804688,228.8828125,316.8999938964844
2025-07-15,208.67066955566406,155.61000061035156,226.35000610351562,181.83737182617188,285.1636047363281,709.910888671875,504.04644775390625,170.69036865234375,234.552978515625,310.7799987792969
2025-07-16,209.7184600830078,160.0800018310547,223.19000244140625,182.80650329589844,284.4371337890625,702.4358520507812,503.84716796875,171.36033630371094,240.88198852539062,321.6700134277344
2025-07-17,209.57875061035156,160.41000366210938,223.8800048828125,183.41595458984375,288.4974060058594,700.9368896484375,509.9058532714844,172.99024963378906,248.31907653808594,319.4100036621094
2025-07-18,210.73631286621094,156.99000549316406,226.1300048828125,184.89462280273438,289.8607482910156,703.8049926757812,508.2615966796875,172.40028381347656,245.02479553222656,329.6499938964844
2025-07-21,212.03358459472656,157.0,229.3000030517578,189.9301300048828,289.5622253417969,712.4890747070312,508.2716064453125,171.37034606933594,243.11810302734375,328.489990234375
2025-07-22,213.9495391845703,154.72000122070312,227.47000122070312,191.1690216064453,290.0199890136719,704.3345947265625,503.4983825683594,167.0205841064453,237.697509765625,332.1099853515625
2025-07-23,213.7000732421875,158.64999389648438,228.2899932861328,190.0600128173828,295.32421875,713.0986938476562,504.09625244140625,170.77037048339844,241.48094177246094,332.55999755859375
2025-07-24,213.31089782714844,162.1199951171875,232.22999572753906,191.99827575683594,295.1152038574219,714.31787109375,509.0887451171875,173.73020935058594,242.40933227539062,305.29998779296875
2025-07-25,213.43064880371094,166.47000122070312,231.44000244140625,193.0073699951172,297.1752014160156,712.1992797851562,511.9088439941406,173.49021911621094,244.6953582763672,316.05999755859375
2025-07-28,213.6002960205078,173.66000366210938,232.7899932861328,192.4079132080078,296.83685302734375,717.14599609375,510.7030334472656,176.7400360107422,247.2808837890625,325.5899963378906
2025-07-29,210.8261260986328,177.44000244140625,231.00999450683594,195.5750732421875,295.6028747558594,699.52783203125,510.7727966308594,175.50009155273438,249.54693603515625,321.20001220703125
2025-07-30,208.6107940673828,179.50999450683594,230.19000244140625,196.35438537597656,298.1803283691406,694.7410888671875,511.4404296875,179.25990295410156,250.16587829589844,319.0400085449219
2025-07-31,207.1339111328125,176.30999755859375,234.11000061035156,191.728515625,294.80670166015625,772.9183349609375,531.62939453125,177.85997009277344,253.33038330078125,308.2699890136719
2025-08-01,201.95480346679688,171.6999969482422,214.75,188.96099853515625,287.969970703125,749.504150390625,522.2722778320312,173.710205078125,243.99658203125,302.6300048828125
2025-08-04,202.9227752685547,176.77999877929688,211.64999389648438,194.86570739746094,292.8363037109375,775.8463745117188,533.7619018554688,179.98985290527344,252.092529296875,309.260009765625
2025-08-05,202.49366760253906,174.30999755859375,213.75,194.4960479736328,289.96026611328125,762.945068359375,525.8995361328125,178.24993896484375,255.22708129882812,308.7200012207031
2025-08-06,212.8019561767578,163.1199951171875,222.30999755859375,195.91476440429688,289.9403991699219,771.4692993164062,523.0994262695312,179.40988159179688,255.9857635498047,319.9100036621094
2025-08-07,219.56771850585938,172.39999389648438,223.1300048828125,196.34439086914062,285.5517272949219,761.316162109375,519.0137939453125,180.7598114013672,248.9579620361328,322.2699890136719
2025-08-08,228.86813354492188,172.75999450683594,222.69000244140625,201.24000549316406,287.3629150390625,768.7811279296875,520.2095947265625,182.689697265625,249.61683654785156,329.6499938964844
2025-08-11,226.95997619628906,172.27999877929688,221.3000030517578,200.8203887939453,288.1590270996094,765.3534545898438,519.9405517578125,182.0497283935547,252.2422637939453,339.0299987792969
2025-08-12,229.42758178710938,174.9499969482422,221.47000122070312,203.15829467773438,291.4331359863281,789.4671630859375,527.3843383789062,183.14967346191406,253.42022705078125,340.8399963378906
2025-08-13,233.10403442382812,184.4199981689453,224.55999755859375,201.779541015625,289.1243591308594,779.5538940429688,518.7546997070312,181.5797576904297,243.75698852539062,339.3800048828125
2025-08-14,232.5545654296875,180.9499969482422,230.97999572753906,202.75865173339844,292.7367858886719,781.6024780273438,520.6480102539062,182.00973510742188,244.53564453125,335.5799865722656
2025-08-15,231.36570739746094,177.50999450683594,231.02999877929688,203.71778869628906,289.08453369140625,784.7003784179688,518.3461303710938,180.4398193359375,247.84988403320312,330.55999755859375
2025-08-18,230.66639709472656,176.13999938964844,231.49000549316406,203.3181610107422,290.1195068359375,766.8524169921875,515.286865234375,181.99972534179688,248.63853454589844,335.1600036621094
2025-08-19,230.3367156982422,166.5500030517578,228.00999450683594,201.389892578125,289.25372314453125,750.97314453125,507.98260498046875,175.63009643554688,234.2135467529297,329.30999755859375
2025-08-20,225.79110717773438,165.1999969482422,223.80999755859375,199.1418914794922,290.8260803222656,747.2156372070312,503.9468078613281,175.39010620117188,234.6527862548828,323.8999938964844
2025-08-21,224.68218994140625,163.7100067138672,221.9499969482422,199.57150268554688,290.059814453125,738.6014404296875,503.2980041503906,174.97012329101562,232.75608825683594,320.1099853515625
2025-08-22,227.53941345214844,167.75999450683594,228.83999633789062,205.9058380126953,294.80670166015625,754.2808837890625,506.2824401855469,177.97996520996094,235.9605255126953,340.010009765625
2025-08-25,226.94000244140625,163.36000061035156,227.94000244140625,208.30369567871094,293.47320556640625,752.7918701171875,503.3179931640625,179.79986572265625,235.002197265625,346.6000061035156
2025-08-26,229.08792114257812,166.6199951171875,228.7100067138672,206.95489501953125,297.1254577636719,753.5913696289062,501.1021423339844,181.75975036621094,233.8042755126953,351.6700134277344
2025-08-27,230.26678466796875,167.1300048828125,229.1199951171875,207.29458618164062,297.8320007324219,746.8759155273438,505.7933349609375,181.5897674560547,235.4014892578125,349.6000061035156
2025-08-28,232.33477783203125,168.5800018310547,231.60000610351562,211.4508819580078,299.6133728027344,750.6033935546875,508.68792724609375,180.1598358154297,239.9036865234375,345.9800109863281
2025-08-29,231.91517639160156,162.6300048828125,229.0,212.71974182128906,299.961669921875,738.2017822265625,505.7434387207031,174.170166015625,225.73826599121094,333.8699951171875
2025-09-02,229.49752807617188,162.32000732421875,225.33999633789062,211.16114807128906,298.25,734.6141357421875,504.1763610839844,170.77037048339844,224.90969848632812,329.3599853515625
2025-09-03,238.2390594482422,162.1300048828125,225.99000549316406,230.45388793945312,298.0609130859375,736.5528564453125,504.40594482421875,170.61038208007812,223.06289672851562,334.0899963378906
2025-09-04,239.5477752685547,161.7899932861328,235.67999267578125,232.09242248535156,302.3500671386719,748.1450805664062,507.02105712890625,171.65032958984375,222.6136932373047,338.5299987792969
2025-09-05,239.45787048339844,151.13999938964844,232.3300018310547,234.79000854492188,292.9557189941406,751.9425048828125,494.0752868652344,167.01058959960938,232.39671325683594,350.8399963378906
2025-09-08,237.64962768554688,151.41000366210938,235.83999633789062,234.0399932861328,291.4928283691406,751.7925415039062,497.2693176269531,168.30050659179688,238.06686401367188,346.3999938964844
2025-09-09,234.123046875,155.82000732421875,238.24000549316406,239.6300048828125,296.408935546875,765.1835327148438,497.4789123535156,170.7503662109375,241.09161376953125,346.9700012207031
2025-09-10,226.5703582763672,159.5399932861328,230.3300018310547,239.1699981689453,299.0859375,751.4727783203125,499.43524169921875,177.32000732421875,327.7611999511719,347.7900085449219
2025-09-11,229.80722045898438,155.6699981689453,229.9499969482422,240.3699951171875,304.0816345214844,750.3935546875,500.0740661621094,177.1699981689453,307.32666015625,368.80999755859375
2025-09-12,233.84332275390625,158.57000732421875,228.14999389648438,240.8000030517578,305.42510986328125,755.0803833007812,508.94744873046875,177.82000732421875,291.673828125,395.94000244140625
2025-09-15,236.47076416015625,161.16000366210938,231.42999267578125,251.61000061035156,307.40545654296875,764.1842041015625,514.397216796875,177.75,301.6166076660156,410.0400085449219
2025-09-16,237.9193572998047,160.4600067138672,234.0500030517578,251.16000366210938,307.6940612792969,778.4745483398438,508.08905029296875,174.8800048828125,306.1187744140625,421.6199951171875
2025-09-17,238.75856018066406,159.16000366210938,231.6199951171875,249.52999877929688,310.2416687011719,775.19677734375,509.06719970703125,170.2899932861328,300.8878479003906,425.8599853515625
2025-09-18,237.64962768554688,157.9199981689453,231.22999572753906,252.02999877929688,311.71453857421875,779.7237548828125,507.5001525878906,176.24000549316406,296.10614013671875,416.8500061035156
2025-09-19,245.26223754882812,157.38999938964844,231.47999572753906,254.72000122070312,313.25701904296875,777.85498046875,516.96240234375,176.6699981689453,308.12530517578125,426.07000732421875
2025-09-22,255.8319854736328,159.7899932861328,227.6300048828125,252.52999877929688,310.9283447265625,765.1599731445312,513.4889526367188,183.61000061035156,327.5815124511719,434.2099914550781
2025-09-23,254.18359375,160.89999389648438,220.7100067138672,251.66000366210938,311.22686767578125,755.4000244140625,508.2787170410156,178.42999267578125,313.28631591796875,425.8500061035156
2025-09-24,252.06564331054688,160.8800048828125,220.2100067138672,247.13999938964844,311.90362548828125,760.6599731445312,509.19696044921875,176.97000122070312,307.9256286621094,442.7900085449219
2025-09-25,256.6212158203125,161.27000427246094,218.14999389648438,245.7899932861328,311.9334716796875,748.9099731445312,506.0827941894531,177.69000244140625,290.8252868652344,423.3900146484375
2025-09-26,255.2126007080078,159.4600067138672,219.77999877929688,246.5399932861328,314.53082275390625,743.75,510.5045166015625,178.19000244140625,282.96893310546875,440.3999938964844
2025-09-29,254.18359375,161.36000061035156,222.1699981689453,244.0500030517578,314.1626281738281,743.4000244140625,513.6386108398438,181.85000610351562,282.2701721191406,443.2099914550781
2025-09-30,254.38340759277344,161.7899932861328,219.57000732421875,243.10000610351562,313.90386962890625,734.3800048828125,516.982421875,186.5800018310547,280.7527770996094,444.7200012207031
2025-10-01,255.20260620117188,164.00999450683594,220.6300048828125,244.89999389648438,309.2066955566406,717.3400268554688,518.7391357421875,187.24000549316406,288.50933837890625,459.4599914550781
2025-10-02,256.8809814453125,169.72999572753906,222.41000366210938,245.69000244140625,306.0619812011719,727.0499877929688,514.7765502929688,188.88999938964844,288.27972412109375,436.0
2025-10-03,257.7701110839844,164.6699981689453,219.50999450683594,245.35000610351562,308.5299987792969,710.5599975585938,516.3834838867188,187.6199951171875,285.6443176269531,429.8299865722656
2025-10-06,256.44140625,203.7100067138672,220.89999389648438,250.42999267578125,309.17999267578125,715.6599731445312,527.5825805664062,185.5399932861328,291.0848693847656,453.25
2025-10-07,256.23162841796875,211.50999450683594,221.77999877929688,245.75999450683594,307.69000244140625,713.0800170898438,523.0010986328125,185.0399932861328,283.7475891113281,433.0899963378906
2025-10-08,257.8100891113281,235.55999755859375,225.22000122070312,244.6199951171875,304.0299987792969,717.8400268554688,523.8695068359375,189.11000061035156,288.1300048828125,438.69000244140625
2025-10-09,253.79396057128906,232.88999938964844,227.74000549316406,241.52999877929688,305.5299987792969,733.510009765625,521.4241333007812,192.57000732421875,296.9599914550781,435.5400085449219
2025-10-10,245.032470703125,214.89999389648438,216.3699951171875,236.57000732421875,300.8900146484375,705.2999877929688,510.0054626464844,183.16000366210938,292.9599914550781,413.489990234375
2025-10-13,247.42015075683594,216.4199981689453,220.07000732421875,244.14999389648438,307.9700012207031,715.7000122070312,513.0896606445312,188.32000732421875,308.010009765625,435.8999938964844
2025-10-14,247.53004455566406,218.08999633789062,216.38999938964844,245.4499969482422,302.0799865722656,708.6500244140625,512.610595703125,180.02999877929688,299.0,429.239990234375
2025-10-15,249.09852600097656,238.60000610351562,215.57000732421875,251.02999877929688,305.69000244140625,717.5499877929688,512.4708251953125,179.8300018310547,303.6199951171875,435.1499938964844
2025-10-16,247.21035766601562,234.55999755859375,214.47000122070312,251.4600067138672,298.5400085449219,712.0700073242188,510.65423583984375,181.80999755859375,313.0,428.75
2025-10-17,252.045654296875,233.0800018310547,213.0399932861328,253.3000030517578,297.55999755859375,716.9199829101562,512.62060546875,183.22000122070312,291.30999755859375,439.30999755859375
2025-10-20,261.98602294921875,240.55999755859375,216.47999572753906,256.54998779296875,302.3599853515625,732.1699829101562,515.8245239257812,182.63999938964844,277.17999267578125,447.42999267578125
2025-10-21,262.5155029296875,238.02999877929688,222.02999877929688,250.4600067138672,297.0899963378906,733.27001953125,516.6929321289062,181.16000366210938,275.1499938964844,442.6000061035156
2025-10-22,258.19970703125,230.22999572753906,217.9499969482422,251.69000244140625,294.1099853515625,733.4099731445312,519.5675659179688,180.27999877929688,272.6600036621094,438.9700012207031
2025-10-23,259.3285827636719,234.99000549316406,221.08999633789062,253.0800018310547,294.5400085449219,734.0,519.5875244140625,182.16000366210938,280.07000732421875,448.9800109863281
2025-10-24,262.56549072265625,252.9199981689453,224.2100067138672,259.9200134277344,300.44000244140625,738.3599853515625,522.6318359375,186.25999450683594,283.3299865722656,433.7200012207031
2025-10-27,268.5496520996094,259.6700134277344,226.97000122070312,269.2699890136719,304.1499938964844,750.8200073242188,530.527099609375,191.49000549316406,281.3999938964844,452.4200134277344
2025-10-28,268.7394714355469,258.010009765625,229.25,267.4700012207031,305.3599853515625,751.4400024414062,541.057373046875,201.02999877929688,280.8299865722656,460.54998779296875
2025-10-29,269.4388122558594,264.3299865722656,230.3000030517578,274.57000732421875,305.510009765625,751.6699829101562,540.538330078125,207.0399932861328,275.29998779296875,461.510009765625
2025-10-30,271.13714599609375,254.83999633789062,222.86000061035156,281.4800109863281,309.44000244140625,666.469970703125,524.77783203125,202.88999938964844,256.8900146484375,440.1000061035156
2025-10-31,270.108154296875,256.1199951171875,244.22000122070312,281.19000244140625,311.1199951171875,648.3499755859375,516.8426513671875,202.49000549316406,262.6099853515625,456.55999755859375
2025-11-03,268.7894287109375,259.6499938964844,254.0,283.7200012207031,309.3500061035156,637.7100219726562,516.0641479492188,206.8800048828125,257.8500061035156,468.3699951171875
2025-11-04,269.7784729003906,250.0500030517578,249.32000732421875,277.5400085449219,309.25,627.3200073242188,513.3692016601562,198.69000244140625,248.1699981689453,444.260009765625
2025-11-05,269.8783874511719,256.3299865722656,250.1999969482422,284.30999755859375,311.67999267578125,635.9500122070312,506.2125549316406,195.2100067138672,250.30999755859375,462.07000732421875
2025-11-06,269.50872802734375,237.6999969482422,243.0399932861328,284.75,313.4200134277344,618.9400024414062,496.1713562011719,188.0800018310547,243.8000030517578,445.9100036621094
2025-11-07,268.2099914550781,233.5399932861328,244.41000366210938,278.8299865722656,314.2099914550781,621.7100219726562,495.8918762207031,188.14999389648438,239.25999450683594,429.5199890136719
2025-11-10,269.42999267578125,243.97999572753906,248.39999389648438,290.1000061035156,316.8900146484375,631.760009765625,505.0547180175781,199.0500030517578,240.8300018310547,445.2300109863281
2025-11-11,275.25,237.52000427246094,249.10000610351562,291.30999755859375,315.6199951171875,627.0800170898438,507.7297058105469,193.16000366210938,236.14999389648438,439.6199951171875
2025-11-12,273.4700012207031,258.8900146484375,244.1999969482422,286.7099914550781,320.4100036621094,609.010009765625,510.1851501464844,193.8000030517578,226.99000549316406,430.6000061035156
2025-11-13,272.95001220703125,247.9600067138672,237.5800018310547,278.57000732421875,309.4800109863281,609.8900146484375,502.34979248046875,186.86000061035156,217.57000732421875,401.989990234375
2025-11-14,272.4100036621094,246.80999755859375,234.69000244140625,276.4100036621094,303.6099853515625,609.4600219726562,509.2268981933594,190.1699981689453,222.85000610351562,404.3500061035156
2025-11-17,267.4599914550781,240.52000427246094,232.8699951171875,285.0199890136719,300.3699951171875,602.010009765625,506.54193115234375,186.60000610351562,219.86000061035156,408.9200134277344
2025-11-18,267.44000244140625,230.2899932861328,222.5500030517578,284.2799987792969,299.4100036621094,597.6900024414062,492.8675537109375,181.36000061035156,220.49000549316406,401.25
2025-11-19,268.55999755859375,223.5500030517578,222.69000244140625,292.80999755859375,303.2699890136719,590.3200073242188,486.2099914550781,186.52000427246094,225.52999877929688,403.989990234375
2025-11-20,266.25,206.02000427246094,217.13999938964844,289.45001220703125,298.3800048828125,589.1500244140625,478.42999267578125,180.63999938964844,210.69000244140625,395.2300109863281
2025-11-21,271.489990234375,203.77999877929688,220.69000244140625,299.6600036621094,298.0199890136719,594.25,472.1199951171875,178.8800048828125,198.75999450683594,391.0899963378906
2025-11-24,275.9200134277344,215.0500030517578,226.27999877929688,318.5799865722656,298.0,613.0499877929688,474.0,182.5500030517578,200.27999877929688,417.7799987792969
